// Generated by tools/make_bench_blobs.py -- do not edit by hand.
//
// Compressed stripes for the hardware benchmark to inflate, one per
// compression ratio. The device regenerates the source with
// bench_fill_source() and compares, so the comment above each blob
// records the ratio this file actually achieved rather than a target.
#pragma once
#include <stddef.h>
#include <stdint.h>

#define BENCH_BLOB_SOURCE_BYTES 15360u

typedef struct {
    unsigned repeat_block;  // bench_fill_source() arguments, in order
    unsigned noise_every;
    const uint8_t *data;    // zlib stream, header and adler32 included
    size_t length;
    unsigned ratio_x1000;   // source bytes / compressed bytes, measured here
} bench_blob_t;

// repeat_block=1792 noise_every=0 level=6: 15360 -> 1972 bytes, ratio 7.79
static const uint8_t bench_blob_0[1972] = {
    0x78, 0x9c, 0xed, 0xd5, 0xf7, 0x23, 0x14, 0xfc, 0x03, 0x00, 0xe0, 0x64,
    0x84, 0xb3, 0x57, 0xca, 0x2a, 0x19, 0x19, 0x57, 0x59, 0x67, 0xa5, 0x8c,
    0xcb, 0x96, 0x71, 0x21, 0xeb, 0xac, 0xc3, 0x8b, 0x73, 0x56, 0x66, 0xe5,
    0xed, 0x28, 0x72, 0xef, 0x9b, 0x91, 0x91, 0x24, 0xd4, 0x7b, 0x65, 0x9f,
    0x9d, 0x9c, 0x91, 0x7d, 0x1d, 0x2f, 0x77, 0xbc, 0x87, 0x33, 0xce, 0xb8,
    0x97, 0x93, 0xd1, 0x1b, 0x4a, 0xb8, 0xa2, 0xef, 0xbf, 0xf1, 0xfd, 0xe1,
    0xf3, 0xfc, 0x13, 0x4f, 0xb4, 0x95, 0x5c, 0xfe, 0x56, 0x66, 0x1e, 0x09,
    0xde, 0x49, 0xa7, 0x8c, 0x5c, 0x1d, 0x7c, 0xfb, 0xdb, 0x99, 0x4a, 0xd6,
    0x30, 0x9e, 0x69, 0x1c, 0xda, 0x65, 0x96, 0x69, 0x36, 0x2b, 0x3f, 0x7f,
    0x93, 0x0e, 0x13, 0x1f, 0x4a, 0xb5, 0xb1, 0x3f, 0xc3, 0xbc, 0x23, 0x54,
    0x65, 0xeb, 0x68, 0x68, 0x73, 0x6e, 0x88, 0x90, 0x10, 0xf1, 0xbe, 0xdb,
    0x43, 0xd9, 0xf9, 0x56, 0xb2, 0xee, 0xc5, 0x65, 0x33, 0x07, 0x69, 0x7e,
    0xbd, 0xe8, 0x05, 0x89, 0x5d, 0xb3, 0x04, 0xc8, 0x06, 0xb7, 0x7e, 0x2b,
    0x23, 0xb1, 0xca, 0x48, 0xca, 0x43, 0x3d, 0x27, 0xbc, 0x09, 0x5e, 0xb9,
    0xcb, 0x1a, 0xf1, 0x4c, 0x4b, 0x21, 0x8a, 0xee, 0x36, 0x8c, 0xc0, 0xf8,
    0x9a, 0xe9, 0x48, 0xeb, 0xc1, 0x6f, 0xda, 0xde, 0x07, 0xd6, 0x8a, 0xbe,
    0x3d, 0xf5, 0xe4, 0xc9, 0x6b, 0xa2, 0xf2, 0x01, 0xb6, 0x0f, 0xfc, 0x1c,
    0x2c, 0x24, 0x7a, 0x5a, 0x0b, 0x33, 0x46, 0x0a, 0x84, 0xb3, 0x4b, 0x93,
    0x98, 0xbf, 0x3e, 0x1e, 0x25, 0x96, 0x1c, 0xf1, 0xff, 0xe8, 0x79, 0x40,
    0x2d, 0x6f, 0xbc, 0x99, 0xd6, 0xd6, 0x0d, 0x99, 0xbc, 0xa3, 0x40, 0x80,
    0xdd, 0xc5, 0x6d, 0x8e, 0x41, 0x0b, 0x02, 0x61, 0xad, 0x94, 0x2c, 0xf6,
    0x78, 0x09, 0x8a, 0xe2, 0x47, 0x1b, 0x2b, 0x68, 0x90, 0xa1, 0x42, 0x1e,
    0x1d, 0xc7, 0xde, 0x5a, 0x9f, 0x88, 0x85, 0xb6, 0x39, 0xd4, 0x6d, 0xae,
    0x2e, 0x5b, 0xe9, 0xe7, 0xcf, 0xbf, 0xc4, 0xcd, 0x98, 0x7d, 0x09, 0xb6,
    0x41, 0x8d, 0x78, 0x5a, 0x59, 0x19, 0x37, 0x0b, 0xb6, 0xd5, 0x9f, 0xbc,
    0xab, 0x52, 0xe5, 0xf2, 0xda, 0x4a, 0x43, 0x45, 0x04, 0xbd, 0xa4, 0x37,
    0x53, 0x26, 0xb0, 0x12, 0x96, 0xaa, 0x97, 0x21, 0xb8, 0x96, 0x7d, 0xdb,
    0xf8, 0xd2, 0x45, 0x9d, 0x37, 0x01, 0xf4, 0xd3, 0x1c, 0x62, 0x2c, 0x9f,
    0x82, 0x9d, 0xe4, 0x77, 0x0f, 0xa1, 0x24, 0xd6, 0x7c, 0xf6, 0x9e, 0xb9,
    0x97, 0x3b, 0x65, 0x83, 0x6b, 0x52, 0x8b, 0x14, 0x4c, 0xba, 0x6c, 0x51,
    0x11, 0xcf, 0x33, 0x82, 0xc8, 0xee, 0xe7, 0x59, 0xeb, 0x6b, 0x9d, 0x90,
    0x91, 0xcd, 0xe7, 0xfc, 0xaa, 0x8c, 0x99, 0x7d, 0xd8, 0xee, 0x6a, 0x95,
    0x51, 0x31, 0xbc, 0x58, 0x06, 0x59, 0x7b, 0x11, 0x16, 0xee, 0xe4, 0x66,
    0x93, 0x4f, 0xe7, 0xda, 0xd6, 0xd9, 0x6d, 0xae, 0xd5, 0x5e, 0x80, 0x27,
    0xd0, 0xb3, 0x59, 0xdd, 0x65, 0x48, 0xb7, 0x2d, 0x5a, 0xf4, 0x74, 0xf7,
    0xce, 0xfa, 0x57, 0x4b, 0x22, 0x65, 0xbb, 0xf3, 0x6c, 0xa7, 0x28, 0x6f,
    0x87, 0xed, 0x53, 0x91, 0x90, 0x6b, 0xfe, 0xbd, 0xe7, 0x63, 0x4a, 0x16,
    0x4f, 0xa6, 0x8d, 0x3d, 0x99, 0x34, 0x5d, 0x2f, 0x89, 0x19, 0xe5, 0xcc,
    0x9b, 0x2b, 0x1e, 0x4f, 0x95, 0xe6, 0x5d, 0xc9, 0x98, 0x98, 0x7c, 0x23,
    0xd7, 0x68, 0x27, 0x7a, 0x31, 0x01, 0xaa, 0xd7, 0x3b, 0xe3, 0x1d, 0xda,
    0x7b, 0xde, 0xde, 0x5e, 0xf8, 0x91, 0x46, 0x5a, 0x35, 0x7c, 0xe4, 0x4a,
    0x5c, 0x3a, 0x42, 0x77, 0x68, 0xa7, 0x5a, 0xb9, 0x0e, 0x52, 0x26, 0xc4,
    0xe5, 0x42, 0x5f, 0x37, 0x96, 0xc3, 0x32, 0x96, 0xb4, 0x1a, 0x0c, 0x76,
    0x14, 0x8b, 0x35, 0x98, 0x51, 0x89, 0x56, 0x68, 0x1f, 0xfd, 0x0e, 0x99,
    0x6c, 0xa6, 0x6d, 0x61, 0x18, 0x55, 0xb8, 0x4e, 0xe3, 0xc9, 0x8e, 0xf2,
    0x60, 0xe6, 0x8a, 0xc5, 0xbd, 0xd4, 0x95, 0x33, 0xe6, 0xcd, 0x4d, 0x4f,
    0x69, 0x44, 0x87, 0xeb, 0xf9, 0xb6, 0x97, 0x97, 0x94, 0x0b, 0x1c, 0x9a,
    0xc8, 0xf1, 0x23, 0xf7, 0x92, 0x03, 0xd2, 0xdc, 0xc9, 0x82, 0xba, 0xa6,
    0xc9, 0x73, 0x38, 0x5f, 0x86, 0xe0, 0x84, 0xc4, 0x46, 0x65, 0x12, 0x49,
    0x49, 0xc9, 0x06, 0xad, 0x3e, 0x8b, 0x9a, 0x91, 0xd3, 0xf8, 0x49, 0x6a,
    0x8d, 0xa4, 0x57, 0x2b, 0xe2, 0xd3, 0xb5, 0xf0, 0xff, 0xf8, 0xbd, 0x58,
    0x37, 0x33, 0xeb, 0x51, 0xf7, 0xe2, 0x9e, 0xe5, 0xf2, 0xed, 0x93, 0x3e,
    0x3d, 0x4c, 0x5a, 0xf6, 0x7b, 0xe4, 0xf1, 0xc9, 0x7d, 0xec, 0xe2, 0xb7,
    0x8f, 0x6b, 0x79, 0x11, 0xd1, 0xd8, 0xf2, 0xb7, 0xfe, 0x6b, 0xed, 0x5b,
    0x90, 0x4d, 0x55, 0x17, 0x68, 0xae, 0x93, 0x51, 0xe0, 0xfd, 0x06, 0x3c,
    0x4e, 0xf6, 0x39, 0x6c, 0xb2, 0xa0, 0x5a, 0xb8, 0x11, 0x23, 0x6a, 0xef,
    0x79, 0xfc, 0xc0, 0xcd, 0xe8, 0xd9, 0xf6, 0x2e, 0x77, 0xa4, 0x34, 0x4f,
    0x21, 0xa2, 0x56, 0x33, 0x9d, 0xdf, 0xed, 0x20, 0x17, 0x17, 0xc7, 0x57,
    0xcd, 0x28, 0x9a, 0xa0, 0x8f, 0xb7, 0xab, 0x4c, 0x07, 0x18, 0x3d, 0xc2,
    0x7c, 0x2a, 0x57, 0xcb, 0xe5, 0x10, 0x1d, 0xd3, 0xbf, 0x9a, 0x75, 0xe3,
    0x10, 0xb7, 0xd3, 0x16, 0x15, 0xf4, 0x96, 0x68, 0xd7, 0xa5, 0x26, 0xa9,
    0x5d, 0x61, 0x81, 0x40, 0x0e, 0x72, 0xf1, 0xef, 0xc5, 0xfe, 0xfe, 0x49,
    0xe5, 0x9d, 0x75, 0x1a, 0xdf, 0x2a, 0x81, 0xa1, 0x2b, 0xd9, 0xfe, 0x5e,
    0xce, 0x92, 0x59, 0xa6, 0xed, 0x58, 0xd0, 0x48, 0xcc, 0x0c, 0xd1, 0x0c,
    0xbd, 0x76, 0xba, 0x6b, 0x88, 0x6a, 0x89, 0x33, 0xa9, 0xfa, 0xfe, 0x83,
    0x93, 0x35, 0x60, 0x4f, 0xe8, 0x5b, 0xa5, 0xe5, 0x0c, 0x30, 0xc5, 0xa6,
    0x2b, 0xc5, 0xef, 0x05, 0x09, 0x33, 0x78, 0xa3, 0x58, 0x35, 0x09, 0x33,
    0x85, 0x75, 0x28, 0x87, 0x6d, 0x84, 0x88, 0xfc, 0xd4, 0xe3, 0x8d, 0xc5,
    0xea, 0xfa, 0xe5, 0xde, 0x44, 0x64, 0x58, 0xc3, 0xbf, 0x0c, 0x27, 0x28,
    0xd5, 0xe7, 0xfa, 0x06, 0xed, 0x40, 0x48, 0x15, 0x89, 0xa6, 0x52, 0xf0,
    0xcf, 0x9e, 0x3b, 0x3b, 0x36, 0x89, 0x98, 0xae, 0x3a, 0xb4, 0x57, 0xb1,
    0x85, 0x7e, 0x19, 0x48, 0xa9, 0x71, 0xf1, 0x05, 0x95, 0xa9, 0x39, 0x9e,
    0x87, 0x79, 0x57, 0xf4, 0x18, 0x2b, 0x19, 0x31, 0xd8, 0x98, 0x82, 0x35,
    0xb6, 0xa4, 0xf5, 0x1f, 0x87, 0x3a, 0xa6, 0xcc, 0x6a, 0xf5, 0x15, 0x4f,
    0xad, 0xa8, 0xdd, 0x60, 0x4f, 0x79, 0xe9, 0xd5, 0x97, 0x06, 0x2e, 0x88,
    0x09, 0x22, 0x4f, 0x53, 0x4b, 0xc8, 0x32, 0x4c, 0xda, 0x39, 0xb2, 0x79,
    0x5d, 0xf5, 0x3e, 0x69, 0xc3, 0xec, 0x32, 0x49, 0x23, 0x62, 0x29, 0xcc,
    0x3a, 0xa1, 0xd3, 0x20, 0x28, 0x59, 0xa1, 0x61, 0x7d, 0xbd, 0xf6, 0xea,
    0x91, 0x37, 0x74, 0xb2, 0x5f, 0xf6, 0x52, 0xbc, 0x7b, 0xc4, 0x6d, 0xf3,
    0xf4, 0xd2, 0xac, 0x3b, 0xce, 0xe3, 0x64, 0xfe, 0x73, 0x7f, 0xb4, 0x68,
    0x0d, 0xb1, 0x4f, 0x45, 0x1a, 0xf0, 0xe3, 0xf3, 0x04, 0x55, 0x62, 0xbc,
    0x5b, 0xc7, 0x8e, 0xb6, 0x92, 0x18, 0xc3, 0x9b, 0xb0, 0xa2, 0xbb, 0xc9,
    0x33, 0xf1, 0x95, 0x0b, 0xcf, 0x9b, 0x12, 0xd6, 0xf7, 0x73, 0x39, 0x54,
    0x13, 0x62, 0x51, 0x63, 0xb2, 0x25, 0x95, 0x81, 0xf8, 0x1e, 0x84, 0xe6,
    0x63, 0xa7, 0x61, 0x8f, 0xa6, 0x0c, 0xcc, 0xce, 0x4f, 0x9d, 0x98, 0x94,
    0x08, 0x78, 0x4a, 0x82, 0xb6, 0x14, 0x77, 0x0c, 0x32, 0x25, 0x84, 0xc7,
    0xbf, 0x70, 0x08, 0x6b, 0x6b, 0x5d, 0xe9, 0xd8, 0xf9, 0xd2, 0x59, 0xb9,
    0xa9, 0x7f, 0x61, 0x7b, 0x77, 0xe9, 0x3c, 0xd6, 0xe5, 0xb9, 0xe9, 0x1e,
    0xc1, 0x5f, 0x60, 0x15, 0x9f, 0xaa, 0x88, 0x90, 0xda, 0x1a, 0x70, 0xf4,
    0xe9, 0x89, 0x43, 0x3b, 0x94, 0xb8, 0xad, 0x7d, 0xc6, 0x5b, 0xe4, 0x7c,
    0x75, 0xad, 0x7b, 0x70, 0x92, 0x4f, 0x2f, 0xe9, 0xb5, 0xad, 0x90, 0x0c,
    0xe7, 0xb4, 0xf0, 0xdf, 0xd1, 0xf1, 0x2f, 0x82, 0x9e, 0xfd, 0xae, 0xf5,
    0x32, 0x56, 0x79, 0x02, 0x26, 0x97, 0x26, 0xb5, 0xae, 0x1f, 0x2e, 0x28,
    0xa6, 0xf3, 0x79, 0x4a, 0xc6, 0xba, 0x8a, 0xa3, 0x5a, 0x7b, 0xf2, 0x2d,
    0xae, 0x56, 0xd0, 0xdc, 0x93, 0xb0, 0xe0, 0x7a, 0x10, 0x2c, 0xd2, 0x59,
    0x73, 0xd0, 0x36, 0x26, 0xfe, 0xfd, 0xc0, 0x90, 0x5a, 0x5a, 0xf2, 0x62,
    0x6f, 0xca, 0x6d, 0x49, 0xe3, 0x13, 0x0d, 0xf9, 0xe6, 0xe8, 0x71, 0x23,
    0xc9, 0x4b, 0xe7, 0x76, 0x21, 0x12, 0x26, 0xb0, 0x60, 0x50, 0xb4, 0xa2,
    0xfc, 0xdb, 0x94, 0xba, 0xcb, 0x0f, 0xcc, 0x0f, 0xb9, 0x74, 0xf5, 0x72,
    0xd8, 0x22, 0xb4, 0x5e, 0xaf, 0xf4, 0xc3, 0x32, 0xdc, 0x8d, 0xde, 0x94,
    0x95, 0x87, 0xe9, 0x08, 0xce, 0x4b, 0xa1, 0x18, 0x0c, 0xce, 0x4f, 0x5f,
    0xe1, 0xec, 0xc0, 0xd4, 0x66, 0xfd, 0x34, 0x0e, 0x18, 0xd5, 0x17, 0x73,
    0x1e, 0xc4, 0x0d, 0x87, 0xba, 0x2b, 0xcd, 0x1f, 0x9a, 0xe4, 0xf4, 0xcc,
    0xf7, 0xf7, 0xf1, 0x06, 0xde, 0x60, 0x1a, 0x72, 0xa0, 0xe7, 0xd1, 0xed,
    0xaa, 0xf8, 0x2a, 0xeb, 0x70, 0xdb, 0x63, 0xb1, 0x9a, 0xde, 0xc0, 0x51,
    0xa9, 0xc8, 0x9b, 0x5f, 0xf2, 0xef, 0x48, 0xd0, 0x53, 0x88, 0x3c, 0x1f,
    0x14, 0x7a, 0xad, 0x90, 0x5f, 0x54, 0x23, 0x7d, 0x32, 0xd9, 0xcb, 0x0f,
    0xa2, 0xbb, 0xb7, 0xb2, 0x1f, 0x9b, 0xe0, 0xf9, 0xec, 0x44, 0x53, 0x32,
    0x28, 0xbb, 0x84, 0x9d, 0xfb, 0x3d, 0x66, 0xa8, 0x27, 0x8e, 0x87, 0x8b,
    0xf0, 0xef, 0x5b, 0x0d, 0x5b, 0x53, 0x73, 0xaf, 0x8a, 0x36, 0x11, 0xcb,
    0xf9, 0xb4, 0xf4, 0x16, 0x42, 0xc0, 0xda, 0xec, 0x45, 0x66, 0x46, 0x6f,
    0xa2, 0x86, 0x76, 0xd8, 0x50, 0xb0, 0xb5, 0x8c, 0x62, 0xb9, 0x0f, 0x39,
    0x53, 0x34, 0x07, 0x5e, 0xa8, 0x5e, 0x7b, 0x8e, 0xd7, 0xef, 0x44, 0xc8,
    0x7e, 0xc7, 0xf1, 0x89, 0x49, 0xb9, 0xc2, 0x05, 0x55, 0x84, 0xd3, 0x27,
    0x0e, 0x86, 0x66, 0x8d, 0xc5, 0x7d, 0xc3, 0xbe, 0xc2, 0xd4, 0x7d, 0x0e,
    0xa5, 0x71, 0x0c, 0xea, 0xcc, 0x7b, 0x08, 0x71, 0x21, 0xd6, 0x44, 0x54,
    0x24, 0x99, 0xb6, 0x64, 0x9e, 0x23, 0xb1, 0x9f, 0xf8, 0x67, 0x89, 0x2a,
    0x92, 0x75, 0xd8, 0x68, 0xc7, 0xc1, 0x17, 0xc9, 0x36, 0x12, 0x1d, 0x38,
    0xd9, 0x5a, 0x7a, 0x43, 0x86, 0x29, 0xab, 0x24, 0x3c, 0xae, 0xef, 0x87,
    0x35, 0xde, 0xab, 0xf7, 0xb7, 0xcf, 0x51, 0xd1, 0xd0, 0x92, 0x24, 0x30,
    0x83, 0xbb, 0x54, 0xa9, 0x5d, 0x42, 0x1e, 0x6c, 0x68, 0x63, 0x59, 0x90,
    0x9f, 0x98, 0x8b, 0x00, 0x9b, 0xf8, 0xbd, 0xa4, 0x06, 0xad, 0xba, 0xf7,
    0x95, 0xc3, 0xcc, 0xff, 0x3d, 0xe7, 0xc4, 0xd3, 0x4c, 0x81, 0x5e, 0x64,
    0x03, 0xc3, 0xd8, 0x90, 0x6d, 0xe2, 0x1f, 0x7f, 0xa3, 0xa8, 0xc9, 0x64,
    0x0c, 0x61, 0x64, 0xa7, 0xbf, 0x9d, 0x18, 0xe1, 0xc5, 0x12, 0x21, 0x4e,
    0x5c, 0xd3, 0xcb, 0xb3, 0xf8, 0x4c, 0xf3, 0x42, 0x7f, 0xc3, 0xee, 0xef,
    0x1a, 0x29, 0x72, 0x6d, 0x28, 0x21, 0xe7, 0x2e, 0xb0, 0xfb, 0x2d, 0x0d,
    0x0f, 0x89, 0xbf, 0xbc, 0x0c, 0x34, 0xb6, 0xa6, 0x8d, 0xbf, 0xc8, 0x85,
    0xdd, 0x3e, 0xc4, 0xda, 0x8e, 0xc1, 0xc3, 0xbf, 0x94, 0xdd, 0x23, 0xbf,
    0xd1, 0x42, 0xcb, 0xff, 0x53, 0xa9, 0x0e, 0xe7, 0x3b, 0xc1, 0xb5, 0x32,
    0xf2, 0x9f, 0x5a, 0xa3, 0xc2, 0x9d, 0xd3, 0x21, 0x74, 0xcb, 0x8f, 0x19,
    0xaf, 0x96, 0x4a, 0x28, 0x64, 0x14, 0xf7, 0x5d, 0xaa, 0xde, 0xb7, 0x6b,
    0xad, 0xb7, 0x4e, 0xfd, 0x3a, 0xba, 0x1f, 0x79, 0x2b, 0xed, 0xc4, 0x5f,
    0x1f, 0x38, 0xfd, 0x87, 0x6a, 0x50, 0xf5, 0x33, 0x4a, 0x64, 0x7c, 0xb9,
    0xa7, 0x5b, 0xaa, 0x2b, 0xad, 0xaf, 0x52, 0x24, 0xf6, 0xd5, 0xf7, 0x9d,
    0x4b, 0x91, 0x2c, 0xf1, 0x0c, 0xef, 0x90, 0x2b, 0xd4, 0xd9, 0x24, 0x09,
    0x85, 0x35, 0x5c, 0xbf, 0xd8, 0xd9, 0xa7, 0xa1, 0x16, 0x51, 0xdb, 0x3c,
    0x38, 0xda, 0xc9, 0xa9, 0xbd, 0xa8, 0x0c, 0xec, 0xe3, 0x77, 0xef, 0x4e,
    0xb5, 0x6a, 0x9e, 0x0d, 0x2d, 0xfe, 0xa1, 0x2b, 0x7d, 0xa4, 0x4f, 0x51,
    0x38, 0xf5, 0xf9, 0xbc, 0xf0, 0xc0, 0xe7, 0xb7, 0x04, 0x37, 0xef, 0x4e,
    0xe4, 0xcf, 0x83, 0x5f, 0x8e, 0x24, 0xf5, 0x00, 0x94, 0xd4, 0xa8, 0x18,
    0x6b, 0xaa, 0x17, 0xb2, 0x79, 0xf7, 0x52, 0xfc, 0xc3, 0xae, 0x22, 0x72,
    0xb5, 0x78, 0xc5, 0x4b, 0xd6, 0x76, 0xcb, 0xcd, 0xbe, 0x1e, 0x71, 0xd7,
    0xdd, 0x57, 0x17, 0x82, 0xcc, 0x99, 0x52, 0x96, 0xd7, 0xaf, 0x62, 0xe3,
    0xde, 0x4c, 0xfc, 0x95, 0xf4, 0xe7, 0x46, 0x1c, 0xa7, 0x73, 0x68, 0xdc,
    0xe8, 0x0d, 0x11, 0x9d, 0xcb, 0xd2, 0x49, 0x45, 0x58, 0x4e, 0xca, 0xa1,
    0x6e, 0xbb, 0xd3, 0x52, 0x3d, 0xe4, 0x61, 0xfe, 0xa6, 0x8f, 0x31, 0x66,
    0x74, 0xd4, 0x7a, 0xce, 0x52, 0xee, 0xf8, 0x0a, 0x14, 0x85, 0xd1, 0x9a,
    0x4e, 0xf2, 0xf5, 0xbd, 0x77, 0x96, 0x9f, 0xdb, 0x66, 0xa9, 0x98, 0x03,
    0xfe, 0x6f, 0x30, 0x62, 0x05, 0xba, 0x15, 0x82, 0x5e, 0x7c, 0xa2, 0x08,
    0x51, 0x86, 0x10, 0x5a, 0xe7, 0xfa, 0x78, 0x3e, 0xfc, 0xac, 0x32, 0x35,
    0xa1, 0xf0, 0x96, 0xca, 0x52, 0xf7, 0x11, 0xc7, 0xbe, 0xc5, 0x92, 0x74,
    0x75, 0xf9, 0x60, 0x07, 0xef, 0x98, 0xd7, 0xe4, 0xd4, 0x21, 0x32, 0xd2,
    0x7c, 0x80, 0x1f, 0x49, 0xcc, 0x95, 0xe8, 0x6a, 0x4f, 0x95, 0xbd, 0x50,
    0x5e, 0x5a, 0x4b, 0x93, 0xa2, 0x6b, 0x9b, 0x46, 0xf2, 0xc1, 0x43, 0x67,
    0xeb, 0x5b, 0x0e, 0xed, 0xa3, 0xc1, 0x7f, 0xe0, 0x3f, 0xf0, 0x1f, 0xf8,
    0x0f, 0xfc, 0x07, 0xfe, 0x03, 0xff, 0x81, 0xff, 0xc0, 0x7f, 0xe0, 0x3f,
    0xf0, 0x1f, 0xf8, 0x0f, 0xfc, 0x07, 0xfe, 0x03, 0xff, 0x81, 0xff, 0xc0,
    0x7f, 0xe0, 0x3f, 0xf0, 0x1f, 0xf8, 0x0f, 0xfc, 0x07, 0xfe, 0x03, 0xff,
    0x81, 0xff, 0xc0, 0x7f, 0xe0, 0x3f, 0xf0, 0x1f, 0xf8, 0x0f, 0xfc, 0x07,
    0xfe, 0x03, 0xff, 0x81, 0xff, 0xc0, 0x7f, 0xe0, 0x3f, 0xf0, 0x1f, 0xf8,
    0x0f, 0xfc, 0x07, 0xfe, 0x03, 0xff, 0x81, 0xff, 0xc0, 0x7f, 0xe0, 0x3f,
    0xf0, 0x1f, 0xf8, 0x0f, 0xfc, 0x07, 0xfe, 0x03, 0xff, 0x81, 0xff, 0xc0,
    0x7f, 0xe0, 0x3f, 0xf0, 0x1f, 0xf8, 0xef, 0xff, 0xf4, 0xbf, 0xff, 0x01,
    0x18, 0xec, 0x11, 0xb5,
};

// repeat_block=1536 noise_every=61 level=6: 15360 -> 2965 bytes, ratio 5.18
static const uint8_t bench_blob_1[2965] = {
    0x78, 0x9c, 0xa5, 0xd9, 0xe9, 0x3b, 0xd5, 0xf9, 0x1f, 0xc7, 0xf1, 0x44,
    0x0a, 0xc9, 0x92, 0xa4, 0x50, 0x93, 0x21, 0x45, 0x2a, 0x64, 0x89, 0x34,
    0xb6, 0x90, 0x92, 0x50, 0x2a, 0x71, 0x42, 0x96, 0x21, 0x51, 0x29, 0x5b,
    0x65, 0x42, 0x25, 0x66, 0x8a, 0xb2, 0x8c, 0x4a, 0x68, 0x46, 0x85, 0x64,
    0x2b, 0x15, 0x51, 0xa8, 0x18, 0xf9, 0x59, 0x32, 0x96, 0x43, 0x88, 0x33,
    0x22, 0x4b, 0xbf, 0x50, 0x0a, 0xa5, 0xe6, 0xc6, 0xfb, 0xc6, 0xb9, 0xf1,
    0x3d, 0xd7, 0xf9, 0x9e, 0xcf, 0x7b, 0xfe, 0x89, 0xc7, 0xf5, 0xba, 0x5e,
    0x4f, 0x07, 0x73, 0xf9, 0xf8, 0xe1, 0xa8, 0xb8, 0x2a, 0xd3, 0x12, 0x66,
    0x7d, 0xcd, 0x86, 0xe7, 0x37, 0x7f, 0x5e, 0x94, 0xd1, 0xf7, 0x22, 0x9d,
    0xa5, 0xef, 0x55, 0x6a, 0x14, 0x65, 0xd4, 0xbe, 0xa4, 0x63, 0x1b, 0x53,
    0x7b, 0x7e, 0x65, 0xf8, 0xe6, 0xad, 0x8b, 0x58, 0x47, 0xe7, 0x65, 0x5a,
    0x5a, 0xaf, 0xdf, 0xfc, 0x43, 0x65, 0x4e, 0xe0, 0xc1, 0x87, 0x8f, 0xf7,
    0x28, 0xd9, 0xec, 0x08, 0xb1, 0x5f, 0xd1, 0x63, 0x64, 0x25, 0x23, 0xac,
    0x75, 0xb8, 0x4b, 0x6a, 0xcc, 0x28, 0x50, 0x64, 0x70, 0x96, 0x4e, 0x61,
    0x67, 0x50, 0xa6, 0x9e, 0xf4, 0x1e, 0x95, 0xd8, 0x03, 0x05, 0xa6, 0x19,
    0x63, 0x7d, 0x35, 0x0e, 0x11, 0xa1, 0xc5, 0x12, 0x63, 0x79, 0x35, 0xda,
    0x42, 0x77, 0x99, 0x0c, 0x8b, 0xe7, 0x1f, 0x35, 0x1c, 0x27, 0x2c, 0x14,
    0xf6, 0x95, 0xe5, 0x56, 0x37, 0x6f, 0x0c, 0x5f, 0xe2, 0x6a, 0x79, 0xca,
    0xd9, 0xca, 0x44, 0xaa, 0xac, 0x30, 0x31, 0xb2, 0x26, 0x41, 0x2c, 0x26,
    0x25, 0x98, 0xf5, 0xfd, 0xaf, 0xe9, 0xa0, 0xe4, 0x69, 0xe1, 0x2f, 0x65,
    0xa7, 0x1a, 0xd2, 0xf2, 0xb7, 0x45, 0x3c, 0x78, 0x2c, 0xd2, 0x7c, 0x74,
    0x69, 0x8e, 0xf6, 0xf1, 0xe8, 0xa1, 0x3a, 0xb5, 0x84, 0xfd, 0xda, 0x85,
    0xf5, 0x17, 0xa6, 0x5e, 0x26, 0xbb, 0xd5, 0x3b, 0x37, 0xed, 0x4c, 0xc8,
    0x93, 0x6d, 0x10, 0x39, 0xf3, 0xcd, 0x7f, 0xc7, 0x40, 0xa3, 0xbf, 0xda,
    0x03, 0xab, 0x3b, 0x43, 0x6f, 0x7a, 0xcc, 0x75, 0xe2, 0x3b, 0xae, 0x45,
    0xb7, 0x19, 0xbd, 0xf7, 0xd8, 0xec, 0x56, 0xe3, 0x60, 0x6e, 0xae, 0x7f,
    0x57, 0xf4, 0x41, 0xee, 0xcc, 0xe3, 0xcb, 0x33, 0x6d, 0xff, 0x30, 0x57,
    0x5d, 0x2e, 0xee, 0xd3, 0xad, 0xd5, 0x96, 0x3a, 0xb7, 0xd7, 0x3b, 0x5c,
    0xab, 0x49, 0xb4, 0x3f, 0x66, 0xb7, 0xfe, 0xea, 0x15, 0x9a, 0x37, 0x5c,
    0x99, 0x0b, 0xf9, 0x24, 0xfb, 0x9c, 0x12, 0x46, 0x43, 0xee, 0x9f, 0x56,
    0xab, 0xea, 0xeb, 0x88, 0x19, 0x37, 0xde, 0xbb, 0xab, 0x7e, 0x50, 0xa0,
    0x59, 0xbd, 0xca, 0xa3, 0x6a, 0x8d, 0xc9, 0xad, 0x00, 0xc1, 0x1a, 0xbb,
    0x98, 0xa7, 0x82, 0xfd, 0x15, 0x85, 0x8d, 0xb2, 0x72, 0xf1, 0xfc, 0x1f,
    0x94, 0x7c, 0xdb, 0x2b, 0x8a, 0x76, 0x9a, 0x47, 0xde, 0x7a, 0xf1, 0x3a,
    0x55, 0xa4, 0xff, 0xaa, 0xf7, 0x81, 0xed, 0xf6, 0x9b, 0xe3, 0x99, 0x02,
    0x23, 0x9a, 0x63, 0x77, 0xb3, 0x35, 0xba, 0x4c, 0x03, 0x99, 0x31, 0x7d,
    0x8f, 0x53, 0x19, 0xf6, 0xc3, 0x4d, 0x87, 0x5b, 0x1f, 0x8f, 0x0e, 0x7c,
    0x30, 0x2b, 0xae, 0x1f, 0x29, 0x59, 0x5c, 0x22, 0x31, 0xe7, 0x91, 0xe5,
    0x25, 0x71, 0xcf, 0x8d, 0x2e, 0xe5, 0x19, 0x47, 0x92, 0x5f, 0xcf, 0x8c,
    0xa8, 0x3b, 0xdf, 0x6c, 0x38, 0x90, 0x7c, 0xa4, 0x96, 0x3f, 0xee, 0xd5,
    0x95, 0x97, 0xe1, 0x32, 0x73, 0x7a, 0x23, 0x1b, 0x9b, 0x6f, 0xc8, 0xe7,
    0x6f, 0x91, 0x58, 0x11, 0xa8, 0xa6, 0x55, 0xde, 0xe6, 0xe8, 0x55, 0xbe,
    0x6c, 0xeb, 0x56, 0xb1, 0x33, 0xaa, 0x11, 0x59, 0xa6, 0x35, 0x6b, 0x8f,
    0x9d, 0xb5, 0x5b, 0x57, 0x39, 0x9a, 0xa5, 0x74, 0x47, 0x44, 0x7c, 0x9e,
    0x80, 0x2d, 0x73, 0x40, 0x5f, 0x3e, 0xac, 0xb3, 0x5b, 0x3d, 0x4f, 0x77,
    0x54, 0xe1, 0x8a, 0x2a, 0xeb, 0x50, 0x90, 0xb9, 0x8f, 0x93, 0xce, 0x23,
    0xd9, 0x18, 0x96, 0x65, 0xa2, 0x77, 0x83, 0xd8, 0x1d, 0xd5, 0xf3, 0xa3,
    0x4a, 0xcf, 0xa3, 0x7a, 0x4d, 0x4e, 0x84, 0xf7, 0x2e, 0x32, 0xbe, 0x5b,
    0x70, 0xa9, 0xa9, 0xd8, 0xea, 0xa7, 0x78, 0xcb, 0x35, 0xdd, 0x4a, 0x09,
    0xfe, 0x05, 0xd5, 0x01, 0x35, 0x27, 0x42, 0x5c, 0x23, 0x76, 0x55, 0x8b,
    0xae, 0x33, 0x0c, 0x79, 0x15, 0xbd, 0xaf, 0x53, 0xb4, 0x51, 0x6a, 0x30,
    0x23, 0xb8, 0x4a, 0x51, 0x71, 0xb3, 0x8f, 0x4a, 0xbb, 0x5b, 0x9b, 0xbc,
    0xea, 0xd7, 0xaa, 0x42, 0x3f, 0x66, 0x96, 0x42, 0xfa, 0x59, 0xf5, 0xf4,
    0xbf, 0x9d, 0xaf, 0x0e, 0x18, 0x19, 0x95, 0xa9, 0xec, 0x9d, 0xd5, 0x2e,
    0xb0, 0xaf, 0xe2, 0xfa, 0xc2, 0x17, 0x55, 0x3d, 0xce, 0x67, 0xf6, 0xbc,
    0xdd, 0x55, 0xb7, 0xe2, 0xe3, 0x5f, 0xfd, 0x71, 0x07, 0x0f, 0x87, 0xa5,
    0xdd, 0x74, 0xe9, 0x2f, 0x1a, 0x16, 0x19, 0x52, 0xb6, 0x55, 0xbb, 0xb8,
    0x5d, 0x6f, 0xff, 0xc9, 0xbc, 0xf4, 0x68, 0xb9, 0xcb, 0xda, 0xcd, 0x09,
    0x59, 0x62, 0xf9, 0xbe, 0x12, 0x5b, 0x1d, 0xbe, 0x9d, 0xb2, 0xd7, 0xfb,
    0x7d, 0x64, 0x6c, 0x96, 0x9f, 0x8c, 0xe0, 0x27, 0xbb, 0xec, 0x55, 0x67,
    0x85, 0xed, 0x27, 0x2e, 0x46, 0x1f, 0x13, 0xca, 0xea, 0x4c, 0x6a, 0x64,
    0xbe, 0x2c, 0x5a, 0xde, 0xea, 0xaa, 0x77, 0xc6, 0xf7, 0x6d, 0xda, 0xca,
    0x8b, 0x7c, 0x12, 0x75, 0x3a, 0x1b, 0x2e, 0x6c, 0x9a, 0x8c, 0x1e, 0x7d,
    0x70, 0xc8, 0xfd, 0x66, 0xf1, 0x96, 0xd2, 0x95, 0x0b, 0x34, 0x6e, 0x99,
    0xd8, 0x31, 0x9e, 0x0b, 0x08, 0x8f, 0xfb, 0xff, 0xf2, 0x76, 0xf9, 0xa8,
    0x45, 0x84, 0xd0, 0x9b, 0x9c, 0xce, 0x75, 0x0b, 0x8a, 0x1e, 0xca, 0x9b,
    0xb1, 0x52, 0x35, 0xac, 0x13, 0xf2, 0x8b, 0xa3, 0x3c, 0x57, 0x79, 0x6d,
    0x5c, 0x58, 0x5a, 0xd9, 0x60, 0x16, 0x6d, 0x90, 0xf9, 0xe9, 0x0b, 0x7f,
    0xdf, 0xb3, 0xad, 0x39, 0x15, 0x6f, 0x9a, 0x62, 0x9f, 0xb1, 0x24, 0x5b,
    0x33, 0xe6, 0x9f, 0x70, 0x17, 0xeb, 0x9c, 0x73, 0xa8, 0xef, 0x76, 0x60,
    0x5b, 0xe2, 0x6a, 0x37, 0xab, 0x11, 0x3b, 0xf1, 0x25, 0x2d, 0xe7, 0x06,
    0x5f, 0x67, 0xe5, 0xf6, 0x94, 0x07, 0x31, 0xbc, 0xf3, 0xfe, 0xe9, 0xdc,
    0xae, 0xd6, 0xe0, 0xf4, 0xd3, 0x60, 0xd3, 0xc4, 0x3c, 0x65, 0x86, 0x4f,
    0x43, 0x7d, 0xfa, 0xef, 0x97, 0x6d, 0xac, 0x0b, 0xc4, 0x0d, 0xdf, 0x58,
    0x15, 0x65, 0x4e, 0xcd, 0xfb, 0xae, 0x2b, 0xbd, 0x52, 0x40, 0xc8, 0x3d,
    0x75, 0xa5, 0xf5, 0x32, 0x6d, 0xbf, 0x5b, 0x65, 0xfa, 0x8a, 0x7a, 0x9d,
    0x53, 0xbe, 0x09, 0xfd, 0x53, 0x0b, 0x2c, 0x7e, 0x9d, 0xd4, 0x34, 0x64,
    0x65, 0xa9, 0xf4, 0x3a, 0xa8, 0x1f, 0x1a, 0xf3, 0x70, 0x58, 0x22, 0xf3,
    0xe6, 0x9a, 0xae, 0xad, 0x5d, 0x63, 0xb1, 0x60, 0xc1, 0x3d, 0xcf, 0x1e,
    0x6d, 0x19, 0x1b, 0xbf, 0xbb, 0x03, 0xca, 0x27, 0xab, 0x06, 0x8d, 0xd6,
    0x54, 0xa9, 0x1e, 0xec, 0xf6, 0xb6, 0x08, 0xec, 0xd3, 0x75, 0x0f, 0x59,
    0x9a, 0x37, 0x30, 0x90, 0xbd, 0x61, 0xda, 0x51, 0xad, 0xf9, 0xa9, 0xdc,
    0xea, 0x80, 0x5d, 0x07, 0x77, 0x1b, 0x9f, 0x4d, 0xb9, 0x70, 0xd4, 0xe6,
    0x65, 0xb5, 0xf0, 0x0f, 0xbf, 0xde, 0x53, 0xaf, 0x9c, 0x9a, 0xed, 0xa7,
    0x2b, 0x9c, 0x1e, 0x27, 0xba, 0xfc, 0x88, 0x63, 0x61, 0xdd, 0xf4, 0x70,
    0x70, 0xe7, 0x8b, 0x21, 0xed, 0xa4, 0xe3, 0x21, 0x6d, 0x01, 0x19, 0xf3,
    0x2f, 0x17, 0x04, 0x0e, 0x7c, 0xbe, 0xc8, 0xa7, 0x1c, 0xe8, 0xef, 0x56,
    0x27, 0x97, 0x9c, 0xb1, 0x3f, 0xbd, 0xcc, 0x6e, 0xd5, 0xb9, 0xed, 0x2f,
    0xf6, 0x14, 0x44, 0xfa, 0x8e, 0x7e, 0xd5, 0x3c, 0x12, 0x7a, 0xd0, 0x34,
    0x34, 0x50, 0x43, 0x7a, 0xd6, 0x11, 0x46, 0xa8, 0xa7, 0xa0, 0x4b, 0x62,
    0x65, 0x98, 0xa5, 0x45, 0x86, 0x75, 0xc9, 0x35, 0x1b, 0xa5, 0x82, 0xa7,
    0x5d, 0x23, 0x91, 0xdd, 0xcb, 0xc2, 0x6c, 0x2f, 0x1b, 0x8e, 0xe7, 0xb8,
    0xcc, 0x7d, 0x93, 0x1e, 0xae, 0x60, 0x27, 0x3d, 0xfc, 0xcc, 0xda, 0xa9,
    0xec, 0x98, 0x8f, 0x55, 0xb2, 0x7d, 0xff, 0xbb, 0x74, 0x93, 0xd8, 0x0f,
    0x3b, 0xef, 0x9c, 0x9a, 0x29, 0xa4, 0x15, 0xfc, 0x87, 0xe5, 0x3c, 0x59,
    0xfe, 0x56, 0xb1, 0xff, 0x1d, 0x0e, 0xb8, 0xea, 0xfe, 0xfb, 0x2f, 0xea,
    0xd7, 0xfc, 0x95, 0x1a, 0xb5, 0xe5, 0x1d, 0xa5, 0x07, 0x74, 0x0e, 0x88,
    0x4a, 0x6a, 0xbe, 0x6b, 0x91, 0xb5, 0xc8, 0xe4, 0xcb, 0xd2, 0x68, 0xbe,
    0x19, 0x9d, 0x2d, 0x6a, 0xec, 0x90, 0xd3, 0xb5, 0x73, 0xc2, 0x43, 0xbc,
    0xe4, 0xf6, 0xc4, 0x83, 0xba, 0xf9, 0x9f, 0x26, 0xd6, 0x37, 0xa4, 0x24,
    0x5f, 0x1d, 0x6f, 0xb1, 0xef, 0x56, 0x7d, 0xdb, 0xc4, 0xb8, 0x31, 0x7d,
    0x2e, 0xbf, 0x6a, 0xaf, 0xe6, 0xee, 0x44, 0x86, 0xb6, 0x67, 0x97, 0x6e,
    0x52, 0xaf, 0xd2, 0xcf, 0x2d, 0x2a, 0xb6, 0x5f, 0x7c, 0xbf, 0xc8, 0x9f,
    0x55, 0x49, 0xd3, 0x7e, 0xad, 0x96, 0xab, 0x95, 0xf2, 0xa4, 0xc7, 0xd4,
    0x9e, 0x59, 0x70, 0x21, 0xce, 0xf7, 0x91, 0x47, 0x5c, 0x68, 0xbd, 0xee,
    0xf3, 0x8e, 0xd6, 0xb5, 0xfc, 0x8f, 0x7c, 0xb3, 0x2f, 0x7c, 0xd5, 0x77,
    0xad, 0xd5, 0x91, 0xb4, 0x79, 0x1e, 0xfd, 0xc2, 0x6b, 0x97, 0x62, 0xc7,
    0x5a, 0x83, 0xd8, 0xb2, 0x8e, 0xa7, 0x15, 0x73, 0xf6, 0x6f, 0x62, 0xad,
    0xe7, 0xf3, 0xe9, 0xf0, 0x29, 0x52, 0x4e, 0xcf, 0xb4, 0x38, 0x60, 0xf9,
    0x4d, 0xf2, 0x76, 0xf9, 0xfe, 0x5a, 0x69, 0xbf, 0x6d, 0xef, 0xe3, 0x8f,
    0x4a, 0x31, 0x43, 0x8b, 0x05, 0x9f, 0x2c, 0x2d, 0x37, 0x67, 0xbc, 0x57,
    0xf6, 0x73, 0x8a, 0x9a, 0xea, 0x39, 0x75, 0xf8, 0xf1, 0x70, 0xcc, 0x39,
    0x83, 0x74, 0xa1, 0x06, 0x89, 0xd0, 0xc8, 0xfa, 0xb1, 0x9c, 0xd1, 0x93,
    0x65, 0x46, 0x6e, 0xe7, 0xad, 0x27, 0x5f, 0x9b, 0x7e, 0x1a, 0xce, 0x1b,
    0x6e, 0x79, 0x75, 0x3d, 0x69, 0xc8, 0xae, 0x27, 0xbe, 0xe9, 0xec, 0xbd,
    0x1c, 0xd7, 0xfe, 0xf6, 0x15, 0xac, 0xc8, 0xf2, 0x20, 0x55, 0x0d, 0xef,
    0x4a, 0x0f, 0x0b, 0x59, 0x85, 0x34, 0xa7, 0xea, 0x28, 0x89, 0x58, 0xd3,
    0x44, 0x95, 0xec, 0x1f, 0xe6, 0xb4, 0xcf, 0xf0, 0xfc, 0xfc, 0xe8, 0xdb,
    0x8c, 0x66, 0xf9, 0xc4, 0x2e, 0x65, 0xbb, 0xed, 0x6f, 0xf9, 0x3a, 0x57,
    0xdd, 0x36, 0x39, 0xb9, 0xbe, 0x22, 0x31, 0xfc, 0x33, 0x9f, 0xe2, 0x4b,
    0x5f, 0xb7, 0x45, 0x0f, 0x45, 0x8a, 0xbb, 0xfc, 0x0d, 0x24, 0xc4, 0x43,
    0x9a, 0xba, 0x8d, 0x63, 0xa5, 0x3e, 0x07, 0xfd, 0x96, 0xac, 0xcc, 0xe8,
    0x9b, 0xcc, 0xdf, 0xc2, 0x27, 0xe4, 0x37, 0xa5, 0x17, 0xfc, 0x6c, 0x66,
    0x61, 0xca, 0x26, 0x59, 0x96, 0x9c, 0xa2, 0xd8, 0x4b, 0x1d, 0xe7, 0x30,
    0xfd, 0xf1, 0x5c, 0x97, 0xad, 0xb1, 0xcb, 0x55, 0xd5, 0x17, 0xe4, 0xb0,
    0x3c, 0x4a, 0x95, 0x1b, 0x4a, 0xe7, 0xed, 0x99, 0x52, 0xcb, 0x4f, 0x75,
    0x77, 0x96, 0xb4, 0x9d, 0x3b, 0x55, 0xfc, 0x29, 0xf9, 0xb6, 0x8f, 0xf2,
    0xf8, 0x07, 0x3e, 0x23, 0x97, 0x87, 0xfc, 0x8d, 0x97, 0xa2, 0xe6, 0x4a,
    0x31, 0xf2, 0x3a, 0xf5, 0xd7, 0x4f, 0x19, 0xb8, 0x04, 0x6c, 0x4a, 0x2a,
    0x30, 0xa8, 0xb3, 0xd3, 0xdb, 0xa2, 0x33, 0x12, 0x74, 0x70, 0x6f, 0x9f,
    0x78, 0x71, 0xe3, 0x46, 0xad, 0x38, 0x93, 0x77, 0x4d, 0x7b, 0x7d, 0x3e,
    0x86, 0x7d, 0x1e, 0xd3, 0x53, 0x10, 0x18, 0x54, 0x64, 0xbc, 0xfa, 0x71,
    0xea, 0xa9, 0xd9, 0xfa, 0xc9, 0xe2, 0xef, 0x7b, 0x75, 0x55, 0x87, 0x5b,
    0xf5, 0xdf, 0x2f, 0xf5, 0xde, 0x3d, 0x19, 0x66, 0x59, 0x67, 0x7a, 0xe0,
    0x7d, 0xea, 0x89, 0xea, 0x1b, 0xea, 0x3e, 0x4b, 0xfe, 0xce, 0x50, 0x31,
    0x15, 0x9a, 0x21, 0xd0, 0x5b, 0xf3, 0xff, 0x95, 0xf9, 0x4b, 0x8f, 0x2e,
    0xf4, 0x64, 0x9a, 0xfd, 0x15, 0x79, 0xbd, 0x3b, 0xb9, 0xbe, 0xda, 0x6d,
    0xd6, 0xf1, 0x06, 0xad, 0x8f, 0x1b, 0x0b, 0x77, 0xcc, 0xfe, 0x3e, 0x7d,
    0xd2, 0x6f, 0x47, 0xc4, 0x8c, 0x3f, 0x9f, 0xf4, 0xbb, 0x54, 0xde, 0x76,
    0xcb, 0x6d, 0x53, 0xac, 0x4e, 0x4f, 0x3b, 0x4c, 0xec, 0x7f, 0x34, 0xdb,
    0xff, 0x75, 0xc4, 0xfe, 0x3f, 0x65, 0xfb, 0x2f, 0x41, 0xec, 0xbf, 0x24,
    0xdb, 0xff, 0x3a, 0x62, 0xff, 0x17, 0xb3, 0xfd, 0x8f, 0x24, 0xf6, 0xff,
    0x12, 0xdb, 0xff, 0xd3, 0xc4, 0xfe, 0x7b, 0xb1, 0xfd, 0x5f, 0x46, 0xec,
    0xbf, 0x09, 0xdb, 0xff, 0x54, 0x62, 0xff, 0x0f, 0xb1, 0xfd, 0xb7, 0x22,
    0xf6, 0x7f, 0x84, 0xed, 0xbf, 0x0c, 0xb1, 0xff, 0x82, 0x6c, 0xff, 0x13,
    0x89, 0xfd, 0x8f, 0x66, 0xfb, 0x7f, 0x9f, 0xd8, 0xff, 0x26, 0xb6, 0xff,
    0x77, 0x88, 0xfd, 0x9f, 0xc9, 0xf6, 0xdf, 0x91, 0xd8, 0xff, 0x16, 0xb6,
    0xff, 0x25, 0xc4, 0xfe, 0x8f, 0xb3, 0xfd, 0xef, 0x22, 0xf6, 0xff, 0x10,
    0xdb, 0xff, 0x31, 0x62, 0xff, 0x23, 0xd9, 0xfe, 0x47, 0x10, 0xfb, 0x1f,
    0xc6, 0xf6, 0x7f, 0x2e, 0xb1, 0xff, 0xe7, 0xd8, 0xfe, 0x4f, 0x12, 0xfb,
    0x7f, 0x9f, 0xed, 0xff, 0x16, 0x62, 0xff, 0xef, 0xb3, 0xfd, 0x77, 0x26,
    0xf6, 0x7f, 0x36, 0xdb, 0x7f, 0x09, 0x62, 0xff, 0x0b, 0xd9, 0xfe, 0x97,
    0x13, 0xfb, 0xbf, 0x8a, 0xed, 0xbf, 0x3c, 0xb1, 0xff, 0x8b, 0xd9, 0xfe,
    0xf3, 0x13, 0xfb, 0xef, 0xc5, 0x71, 0xff, 0xf3, 0xe8, 0xff, 0x15, 0x8e,
    0xfb, 0x9f, 0x47, 0xff, 0xbf, 0x70, 0xdc, 0xff, 0x3c, 0xfa, 0xbf, 0x8e,
    0xe3, 0xfe, 0xe7, 0xd1, 0x7f, 0x19, 0x8e, 0xfb, 0x9f, 0x47, 0xff, 0xa7,
    0x39, 0xee, 0x7f, 0x1e, 0xfd, 0xd7, 0xe1, 0xb8, 0xff, 0x79, 0xf4, 0xbf,
    0x9e, 0xe3, 0xfe, 0xe7, 0xd1, 0xff, 0xa5, 0x1c, 0xf7, 0x3f, 0x8f, 0xfe,
    0xcf, 0xe6, 0xb8, 0xff, 0x79, 0xf4, 0xff, 0x1d, 0xc7, 0xfd, 0xcf, 0xa3,
    0xff, 0xcb, 0x38, 0xee, 0x7f, 0x1e, 0xfd, 0x17, 0xe3, 0xb8, 0xff, 0x79,
    0xf4, 0xff, 0x19, 0xc7, 0xfd, 0xcf, 0xa3, 0xff, 0xef, 0x38, 0xee, 0x7f,
    0x1e, 0xfd, 0xbf, 0xc9, 0x71, 0xff, 0xf3, 0xe8, 0x7f, 0x0e, 0xc7, 0xfd,
    0xcf, 0xa3, 0xff, 0xf6, 0x1c, 0xf7, 0x3f, 0x8f, 0xfe, 0x3b, 0x72, 0xdc,
    0xff, 0x3c, 0xfa, 0x5f, 0xc2, 0x71, 0xff, 0xf3, 0xe8, 0x3f, 0x83, 0xe3,
    0xfe, 0xe7, 0xd1, 0xff, 0xaf, 0x1c, 0xf7, 0x3f, 0x8f, 0xfe, 0x4f, 0x70,
    0xdc, 0xff, 0x3c, 0xfa, 0xff, 0x9d, 0xe3, 0xfe, 0xe7, 0xd1, 0x7f, 0x6b,
    0x8e, 0xfb, 0x9f, 0x47, 0xff, 0xab, 0xe8, 0xfe, 0x1f, 0x6e, 0xfe, 0xab,
    0xd0, 0xfd, 0x3f, 0xdc, 0xfc, 0x77, 0xa5, 0xfb, 0x7f, 0xb8, 0xf9, 0xef,
    0x46, 0xf7, 0xff, 0x70, 0xf3, 0x5f, 0x9a, 0xee, 0xff, 0xe1, 0xe6, 0x7f,
    0x2d, 0xdd, 0xff, 0xc3, 0xcd, 0x7f, 0x49, 0xba, 0xff, 0x87, 0x9b, 0xff,
    0x7d, 0x74, 0xff, 0x0f, 0x37, 0xff, 0x5b, 0xe8, 0xfe, 0x1f, 0x6e, 0xfe,
    0x97, 0xd3, 0xfd, 0x3f, 0xdc, 0xfc, 0x17, 0xa1, 0xfb, 0x7f, 0xb8, 0xf9,
    0x3f, 0x44, 0xf7, 0xff, 0x70, 0xf3, 0xff, 0x38, 0xdd, 0xff, 0xc3, 0xcd,
    0xff, 0xd5, 0x74, 0xff, 0x0f, 0x37, 0xff, 0x03, 0xe8, 0xfe, 0x1f, 0x6e,
    0xfe, 0x9f, 0xa6, 0xfb, 0x7f, 0xb8, 0xf9, 0x5f, 0x4a, 0xf7, 0xff, 0x70,
    0xf3, 0x3f, 0x89, 0xee, 0xff, 0xe1, 0xe6, 0x7f, 0x35, 0xdd, 0xff, 0xc3,
    0xcd, 0xff, 0x2c, 0xba, 0xff, 0x87, 0x9b, 0xff, 0xf3, 0xe9, 0xfe, 0x1f,
    0x6e, 0xfe, 0xdf, 0xa2, 0xfb, 0x7f, 0xb8, 0xf9, 0x7f, 0x8d, 0xee, 0xff,
    0xe1, 0xe6, 0x7f, 0x1f, 0xdd, 0xff, 0xc3, 0xcd, 0xff, 0x11, 0xba, 0xff,
    0x87, 0x9b, 0xff, 0xf7, 0x08, 0xfe, 0x7f, 0x8a, 0xff, 0xdb, 0x08, 0xfe,
    0x7f, 0x8a, 0xff, 0x15, 0x04, 0xff, 0x3f, 0xc5, 0xff, 0x32, 0x82, 0xff,
    0x9f, 0xe2, 0xff, 0x7c, 0x82, 0xff, 0x9f, 0xe2, 0xff, 0x4e, 0x82, 0xff,
    0x9f, 0xe2, 0xff, 0x18, 0xc1, 0xff, 0x4f, 0xf1, 0xff, 0x3a, 0xc1, 0xff,
    0x4f, 0xf1, 0xff, 0x47, 0x82, 0xff, 0x9f, 0xe2, 0xbf, 0x3b, 0xc1, 0xff,
    0x4f, 0xf1, 0xdf, 0x98, 0xe0, 0xff, 0xa7, 0xf8, 0xcf, 0x22, 0xf8, 0xff,
    0x29, 0xfe, 0x4b, 0x13, 0xfc, 0xff, 0x14, 0xff, 0xcd, 0x08, 0xfe, 0x7f,
    0x8a, 0xff, 0x3f, 0x11, 0xfc, 0xff, 0x14, 0xff, 0x37, 0x10, 0xfc, 0xff,
    0x14, 0xff, 0xc3, 0x08, 0xfe, 0x7f, 0x8a, 0xff, 0xc7, 0x08, 0xfe, 0x7f,
    0x8a, 0xff, 0x37, 0x08, 0xfe, 0x7f, 0x8a, 0xff, 0x8d, 0x04, 0xff, 0x3f,
    0xc5, 0xff, 0x3f, 0x09, 0xfe, 0x7f, 0x8a, 0xff, 0xc1, 0x04, 0xff, 0x3f,
    0xc5, 0xff, 0xdf, 0x08, 0xfe, 0x7f, 0x8a, 0xff, 0x83, 0x04, 0xff, 0x3f,
    0xc5, 0xff, 0x63, 0x04, 0xff, 0x3f, 0xc5, 0x7f, 0x7e, 0x5c, 0xff, 0x05,
    0xff, 0x6d, 0x70, 0xfd, 0x17, 0xfc, 0xf7, 0xc2, 0xf5, 0x5f, 0xf0, 0xff,
    0x18, 0xae, 0xff, 0x82, 0xff, 0xb5, 0xb8, 0xfe, 0x0b, 0xfe, 0x6f, 0xc2,
    0xf5, 0x5f, 0xf0, 0x5f, 0x1c, 0xd7, 0x7f, 0xc1, 0x7f, 0x4d, 0x5c, 0xff,
    0x05, 0xff, 0xd7, 0xe0, 0xfa, 0x2f, 0xf8, 0x2f, 0x83, 0xeb, 0xbf, 0xe0,
    0x7f, 0x30, 0xae, 0xff, 0x82, 0xff, 0x49, 0xb8, 0xfe, 0x0b, 0xfe, 0x87,
    0xe1, 0xfa, 0x2f, 0xf8, 0xcf, 0x8f, 0xeb, 0xbf, 0xe0, 0x7f, 0x3d, 0xae,
    0xff, 0x82, 0xff, 0x93, 0xb8, 0xfe, 0x0b, 0xfe, 0xaf, 0xc3, 0xf5, 0x5f,
    0xf0, 0xbf, 0x08, 0xd7, 0x7f, 0xc1, 0xff, 0xed, 0xb8, 0xfe, 0x0b, 0xfe,
    0x77, 0xe3, 0xfa, 0x2f, 0xf8, 0x9f, 0x8b, 0xeb, 0xbf, 0xe0, 0xbf, 0x08,
    0xae, 0xff, 0x82, 0xff, 0xa7, 0x71, 0xfd, 0x17, 0xfc, 0x8f, 0xc7, 0xf5,
    0x5f, 0xf0, 0x7f, 0x08, 0xd7, 0x7f, 0xc1, 0x7f, 0x27, 0x5c, 0xff, 0x05,
    0xff, 0xf5, 0x71, 0xfd, 0x17, 0xfc, 0xf7, 0xc5, 0xf5, 0x5f, 0xf0, 0xbf,
    0x16, 0xd7, 0x7f, 0xc1, 0xff, 0x5a, 0x5c, 0xff, 0x05, 0xff, 0x2d, 0x70,
    0xfd, 0x17, 0xfc, 0x7f, 0x85, 0xeb, 0xbf, 0xe0, 0xbf, 0x19, 0xae, 0xff,
    0x82, 0xff, 0xf2, 0xb8, 0xfe, 0x0b, 0xfe, 0x7f, 0xc3, 0xf5, 0x5f, 0xf0,
    0x7f, 0x2d, 0xae, 0xff, 0x82, 0xff, 0x6a, 0xb8, 0xfe, 0x0b, 0xfe, 0xbb,
    0xe1, 0xfa, 0x2f, 0xf8, 0xef, 0x8b, 0xeb, 0xbf, 0xe0, 0xbf, 0x3a, 0xae,
    0xff, 0x82, 0xff, 0xad, 0xb8, 0xfe, 0x0b, 0xfe, 0x07, 0xe3, 0xfa, 0x2f,
    0xf8, 0xbf, 0x0f, 0xd7, 0x7f, 0xc1, 0xff, 0x7d, 0xb8, 0xfe, 0x0b, 0xfe,
    0x9f, 0xc0, 0xf5, 0x5f, 0xf0, 0x7f, 0x31, 0xae, 0xff, 0x82, 0xff, 0xc2,
    0xb8, 0xfe, 0x0b, 0xfe, 0xcf, 0xc2, 0xf5, 0x5f, 0xf0, 0x7f, 0x33, 0xae,
    0xff, 0x82, 0xff, 0xdd, 0xb8, 0xfe, 0x0b, 0xfe, 0x5f, 0xc1, 0xf5, 0x5f,
    0xf0, 0x9f, 0x0f, 0xd7, 0x7f, 0xc1, 0x7f, 0x53, 0x5c, 0xff, 0x05, 0xff,
    0xff, 0xc1, 0xf5, 0x5f, 0xf0, 0xdf, 0x03, 0xd7, 0x7f, 0xc9, 0xff, 0x7f,
    0x8a, 0xff, 0xbd, 0xb8, 0xfe, 0x0b, 0xfe, 0xab, 0xe1, 0xfa, 0x2f, 0xf8,
    0x3f, 0x8c, 0xeb, 0xbf, 0xe0, 0xbf, 0x27, 0xae, 0xff, 0x82, 0xff, 0x3e,
    0xb8, 0xfe, 0x0b, 0xfe, 0xbf, 0xc6, 0xf5, 0x5f, 0xf0, 0xff, 0x3c, 0xae,
    0xff, 0x82, 0xff, 0x0a, 0xb8, 0xfe, 0x0b, 0xfe, 0x8b, 0xe0, 0xfa, 0x2f,
    0xf8, 0xaf, 0x84, 0xeb, 0xbf, 0xe0, 0xbf, 0x08, 0xae, 0xff, 0x82, 0xff,
    0x39, 0xb8, 0xfe, 0x0b, 0xfe, 0x17, 0xe2, 0xfa, 0x2f, 0xf8, 0xff, 0x0a,
    0xd7, 0x7f, 0xc1, 0xff, 0x0a, 0x5c, 0xff, 0x05, 0xff, 0x05, 0x71, 0xfd,
    0x17, 0xfc, 0x7f, 0x82, 0xeb, 0xbf, 0xe0, 0xff, 0x57, 0x5c, 0xff, 0x05,
    0xff, 0x33, 0x71, 0xfd, 0x17, 0xfc, 0x37, 0xc4, 0xf5, 0x5f, 0xf0, 0xdf,
    0x00, 0xd7, 0x7f, 0xc1, 0xff, 0x7a, 0x5c, 0xff, 0x05, 0xff, 0xe7, 0xe0,
    0xfa, 0x2f, 0xf8, 0x9f, 0x82, 0xeb, 0xbf, 0xe0, 0xbf, 0xdc, 0x7f, 0xf1,
    0xbf, 0x01, 0xd7, 0x7f, 0xc1, 0xff, 0xcf, 0xb8, 0xfe, 0x0b, 0xfe, 0xdb,
    0xe1, 0xfa, 0x2f, 0xf8, 0xff, 0x0d, 0xd7, 0x7f, 0xc1, 0xff, 0x7d, 0xb8,
    0xfe, 0x0b, 0xfe, 0x5f, 0xc1, 0xf5, 0x5f, 0xf0, 0x7f, 0x01, 0xae, 0xff,
    0x82, 0xff, 0x4c, 0x5c, 0xff, 0x05, 0xff, 0x55, 0x70, 0xfd, 0x17, 0xfc,
    0x5f, 0x82, 0xeb, 0xbf, 0xe0, 0xbf, 0x07, 0xae, 0xff, 0x82, 0xff, 0x56,
    0xb8, 0xfe, 0x0b, 0xfe, 0x3b, 0xe2, 0xfa, 0x2f, 0xf8, 0x7f, 0x04, 0xd7,
    0x7f, 0xc1, 0xff, 0x3f, 0x70, 0xfd, 0x17, 0xfc, 0xaf, 0xc6, 0xf5, 0x5f,
    0xf0, 0x3f, 0x1c, 0xd7, 0x7f, 0xc1, 0xff, 0x4a, 0x5c, 0xff, 0x05, 0xff,
    0xab, 0x71, 0xfd, 0x17, 0xfc, 0x67, 0xe0, 0xfa, 0x2f, 0xf8, 0x6f, 0x8c,
    0xeb, 0xbf, 0xe0, 0xff, 0x33, 0x5c, 0xff, 0x05, 0xff, 0x85, 0x71, 0xfd,
    0x17, 0xfc, 0x67, 0xe0, 0xfa, 0x2f, 0xf8, 0x5f, 0xfc, 0x5f, 0xf6, 0xff,
    0x45, 0x5c, 0xff, 0x05, 0xff, 0xa5, 0x70, 0xfd, 0x17, 0xfc, 0x2f, 0xc5,
    0xf5, 0x5f, 0xf0, 0xbf, 0x08, 0xd7, 0x7f, 0xc1, 0xff, 0x70, 0x5c, 0xff,
    0x05, 0xff, 0xe5, 0x70, 0xfd, 0x17, 0xfc, 0xff, 0x11, 0xd7, 0x7f, 0xc1,
    0xff, 0x34, 0x5c, 0xff, 0x05, 0xff, 0x53, 0x70, 0xfd, 0x17, 0xfc, 0xcf,
    0xc6, 0xf5, 0x5f, 0xf0, 0xbf, 0x09, 0xd7, 0x7f, 0xc1, 0x7f, 0x69, 0x5c,
    0xff, 0x05, 0xff, 0x99, 0xb8, 0xfe, 0x0b, 0xfe, 0x6b, 0xe0, 0xfa, 0x2f,
    0xf8, 0x6f, 0x88, 0xeb, 0xbf, 0xe0, 0xbf, 0x1f, 0xae, 0xff, 0x82, 0xff,
    0x42, 0xb8, 0xfe, 0x0b, 0xfe, 0x9b, 0xe2, 0xfa, 0x2f, 0xf8, 0xef, 0x85,
    0xeb, 0xbf, 0xe0, 0x7f, 0x3b, 0x69, 0xff, 0xfd, 0x17, 0xa0, 0x1f, 0x29,
    0x83,
};

// repeat_block=512 noise_every=13 level=6: 15360 -> 4723 bytes, ratio 3.25
static const uint8_t bench_blob_2[4723] = {
    0x78, 0x9c, 0x75, 0xd9, 0xfb, 0x5b, 0xcf, 0x69, 0x1e, 0xc7, 0xf1, 0x49,
    0x69, 0x24, 0xe9, 0xc0, 0x90, 0x49, 0x0c, 0x2b, 0x51, 0x62, 0xa2, 0x03,
    0xc2, 0x48, 0x51, 0x22, 0xa7, 0x46, 0x8e, 0x35, 0x22, 0xd9, 0x48, 0x39,
    0x47, 0x86, 0x55, 0x19, 0xd1, 0x2e, 0x19, 0x1d, 0xc6, 0x10, 0x99, 0xd9,
    0x50, 0x21, 0x95, 0x89, 0x91, 0x98, 0x72, 0xa8, 0x49, 0xab, 0xd2, 0x16,
    0x85, 0x52, 0x6d, 0x4a, 0xc9, 0xaa, 0x66, 0x9c, 0x32, 0xb1, 0xf7, 0xe7,
    0xda, 0xcf, 0x75, 0x5f, 0xcf, 0xfd, 0x61, 0xff, 0x86, 0xd7, 0xf5, 0xfe,
    0x7e, 0x9f, 0x9f, 0xfb, 0xb1, 0xcd, 0xc5, 0x34, 0xa6, 0x65, 0x5f, 0x74,
    0xbe, 0x73, 0x76, 0x45, 0x71, 0x61, 0xfe, 0xad, 0x53, 0x7f, 0xee, 0x97,
    0xd4, 0x70, 0x3b, 0xb1, 0xce, 0xc1, 0xff, 0xea, 0x90, 0x7d, 0x8e, 0x0f,
    0x06, 0x3c, 0x9a, 0x55, 0x61, 0xd7, 0x2b, 0x2f, 0x6c, 0xfa, 0x90, 0x7e,
    0x75, 0x9b, 0x7a, 0x26, 0xbb, 0xcd, 0x1e, 0x37, 0xfd, 0xb3, 0xbc, 0xd4,
    0xe9, 0x6b, 0x7f, 0xbe, 0xb6, 0xc8, 0x6c, 0xee, 0x97, 0x21, 0x36, 0xc3,
    0x6a, 0x1d, 0x03, 0x8c, 0xbb, 0xdb, 0xae, 0xaf, 0xee, 0xdd, 0xee, 0x18,
    0xac, 0xdb, 0xdc, 0xd5, 0x22, 0xb3, 0x6a, 0x6b, 0xf2, 0xf8, 0x3e, 0x8b,
    0x2c, 0x0e, 0xae, 0xc9, 0x70, 0x7e, 0xd0, 0xde, 0x50, 0xb8, 0x38, 0x7c,
    0x67, 0x96, 0x61, 0x7b, 0x5a, 0xa1, 0x9d, 0xef, 0x85, 0x0a, 0x6f, 0xd7,
    0x5b, 0xbf, 0x8f, 0x5e, 0xfa, 0xc6, 0x75, 0xf0, 0x57, 0x95, 0xe7, 0x0b,
    0xca, 0x27, 0x19, 0x0e, 0x58, 0xee, 0xb6, 0x6b, 0x99, 0xbb, 0x93, 0x69,
    0x4e, 0x66, 0x5c, 0x44, 0x61, 0xac, 0x7e, 0xd4, 0xf1, 0x6d, 0x75, 0x1f,
    0x2c, 0x3b, 0xb7, 0xc6, 0x77, 0x76, 0x7f, 0x97, 0xb3, 0xab, 0xe4, 0x44,
    0xfa, 0xac, 0x3f, 0x2e, 0x5d, 0xd3, 0x2d, 0xdf, 0x34, 0x30, 0xd5, 0x6e,
    0x7b, 0xe4, 0xb3, 0xa2, 0xfc, 0xd8, 0x15, 0x76, 0x99, 0xc5, 0x07, 0x3a,
    0xee, 0xc6, 0xfb, 0x16, 0x2f, 0xcb, 0x2c, 0x8a, 0x4d, 0x33, 0x29, 0xd1,
    0xfd, 0xe6, 0xfd, 0xc6, 0x2f, 0x9b, 0x4a, 0x83, 0xac, 0x2e, 0xb9, 0x9f,
    0x7b, 0xf6, 0xa4, 0xd6, 0xc5, 0x3e, 0xe6, 0xd1, 0xb1, 0x8a, 0x4a, 0xc7,
    0x17, 0x7e, 0xd3, 0x7d, 0x0b, 0x17, 0xbb, 0xb8, 0x38, 0x5c, 0x48, 0xb9,
    0x74, 0xbe, 0xcb, 0xf6, 0xa1, 0xc9, 0xf3, 0x7e, 0x74, 0xb1, 0x1c, 0x6a,
    0x30, 0xb8, 0xc6, 0xb6, 0x32, 0xa1, 0x47, 0xfd, 0xea, 0x30, 0xdb, 0x08,
    0xbd, 0xc6, 0xc4, 0x85, 0x0e, 0x23, 0x87, 0x8d, 0x39, 0xb9, 0xbc, 0xa2,
    0xaf, 0x86, 0x51, 0xc3, 0x9e, 0xd8, 0xb6, 0x90, 0x8b, 0xbb, 0xad, 0xf2,
    0x1b, 0x1e, 0x45, 0xbd, 0x9c, 0x62, 0xbd, 0xa0, 0xb8, 0x59, 0xab, 0xdc,
    0x3a, 0xdf, 0x2f, 0x7f, 0x94, 0xd3, 0xe9, 0x44, 0xed, 0x42, 0x8f, 0xa8,
    0x1b, 0xda, 0x8d, 0xd7, 0x33, 0x4b, 0x4d, 0xfa, 0xff, 0x53, 0xf3, 0x37,
    0xb3, 0xc0, 0x07, 0xbb, 0x2f, 0xcf, 0x77, 0x89, 0x38, 0x7d, 0x7b, 0x59,
    0x82, 0x6e, 0xe3, 0xd1, 0xd5, 0x6b, 0xe6, 0x78, 0x4e, 0x8f, 0xa9, 0xd0,
    0x3a, 0x3a, 0xa6, 0xfd, 0xc2, 0xd9, 0xd1, 0xd5, 0xce, 0xc1, 0x15, 0x51,
    0x0d, 0xd7, 0x9a, 0xbc, 0x3d, 0x5b, 0xca, 0xd6, 0xdf, 0xbf, 0xd6, 0xd6,
    0xf4, 0xdb, 0xb4, 0x2c, 0xc7, 0xd6, 0xec, 0x4f, 0xb3, 0x0d, 0xbb, 0x5d,
    0x71, 0x3b, 0x64, 0xb0, 0x6a, 0x92, 0x63, 0xee, 0xa0, 0x0d, 0xf1, 0x8f,
    0xbb, 0x84, 0x17, 0xed, 0x2f, 0x9f, 0xdc, 0x94, 0xb3, 0xe1, 0x8e, 0x66,
    0xf4, 0xc3, 0x23, 0x77, 0xc3, 0x8c, 0xbb, 0xd5, 0x47, 0x58, 0x94, 0x9f,
    0x34, 0x4d, 0x9f, 0x61, 0x38, 0x2c, 0xd8, 0xca, 0x36, 0xb7, 0x72, 0x89,
    0x7f, 0xee, 0xa0, 0x99, 0x33, 0xf5, 0xbf, 0xb1, 0x0c, 0x4f, 0x71, 0x2e,
    0xec, 0xba, 0x79, 0x8f, 0x87, 0x4d, 0x5e, 0x5b, 0x8a, 0xd9, 0x39, 0xdd,
    0x84, 0x9e, 0x0f, 0xe6, 0x55, 0x34, 0x39, 0x98, 0x86, 0x56, 0xd5, 0x58,
    0xa7, 0x8d, 0x6d, 0xd3, 0x3a, 0x62, 0x59, 0xb7, 0x6e, 0xab, 0x4b, 0x80,
    0x97, 0xfd, 0x15, 0x93, 0xa8, 0xaf, 0xdc, 0xe2, 0x56, 0x97, 0xe8, 0x9f,
    0xb3, 0xdc, 0xdf, 0x66, 0x76, 0x6b, 0xdf, 0x75, 0xa7, 0xaf, 0xc3, 0xea,
    0xfb, 0x4d, 0xb9, 0x90, 0x71, 0xa8, 0x2c, 0xcb, 0xdd, 0x38, 0xc6, 0x6d,
    0x54, 0x8d, 0x59, 0xac, 0x7b, 0x46, 0xc1, 0x96, 0xc2, 0xaf, 0xfb, 0x2e,
    0x0f, 0x5f, 0x50, 0xa0, 0x67, 0x33, 0x39, 0xe4, 0x61, 0xe4, 0x57, 0x55,
    0xb7, 0x4b, 0x7b, 0x37, 0x27, 0xad, 0x57, 0xf7, 0xcf, 0x57, 0xf6, 0x9f,
    0xa0, 0xee, 0x5f, 0xab, 0xec, 0xef, 0xa8, 0xee, 0xbf, 0x4c, 0xd9, 0x7f,
    0xa6, 0xba, 0xff, 0x37, 0xca, 0xfe, 0xc1, 0xea, 0xfe, 0x8b, 0x94, 0xfd,
    0xdd, 0xd5, 0xfd, 0x9f, 0x2a, 0xfb, 0xdb, 0xab, 0xfb, 0x2f, 0x50, 0xf6,
    0x4f, 0x52, 0xf7, 0x2f, 0x52, 0xf6, 0xd7, 0x51, 0xf7, 0x1f, 0xa6, 0xec,
    0x9f, 0xa3, 0xee, 0xff, 0xbb, 0xb2, 0x7f, 0x6f, 0x75, 0xff, 0x5f, 0x95,
    0xfd, 0x7f, 0x55, 0xf7, 0x6f, 0x54, 0xf6, 0x0f, 0x57, 0xf7, 0x8f, 0x56,
    0xf6, 0xb7, 0x52, 0xf7, 0x5f, 0xab, 0xec, 0x5f, 0xa6, 0xee, 0xbf, 0x5e,
    0xd9, 0x7f, 0xa3, 0xba, 0x7f, 0xa8, 0xb2, 0x7f, 0xa4, 0xba, 0xff, 0x09,
    0x65, 0x7f, 0x3d, 0x75, 0xff, 0x53, 0xca, 0xfe, 0x01, 0xea, 0xfe, 0x3e,
    0xca, 0xfe, 0x51, 0xea, 0xfe, 0x8d, 0xca, 0xfe, 0x5e, 0xea, 0xfe, 0x97,
    0x95, 0xfd, 0x97, 0xa8, 0xfb, 0xb7, 0x28, 0xfb, 0x6f, 0x51, 0xf7, 0xd7,
    0x55, 0xf6, 0x8f, 0x51, 0xf7, 0x7f, 0xa6, 0xec, 0xff, 0x58, 0xdd, 0xdf,
    0x5c, 0xd9, 0xbf, 0x55, 0xdd, 0x7f, 0x9e, 0xb2, 0x7f, 0x82, 0xba, 0xbf,
    0x95, 0xb2, 0x7f, 0xb1, 0xba, 0xff, 0xb7, 0xca, 0xfe, 0x3e, 0xea, 0xfe,
    0x73, 0x94, 0xfd, 0xe3, 0xd5, 0xfd, 0xc7, 0x2b, 0xfb, 0x97, 0xaa, 0xfb,
    0xaf, 0x50, 0xf6, 0x5f, 0xaa, 0xee, 0xbf, 0x43, 0xd9, 0xff, 0x73, 0x75,
    0xff, 0x34, 0x65, 0x7f, 0x2d, 0x75, 0xff, 0x44, 0x65, 0xff, 0xc1, 0xea,
    0xfe, 0x91, 0xca, 0xfe, 0x75, 0xea, 0xfe, 0xfd, 0x95, 0xfd, 0xeb, 0xd5,
    0xfd, 0xbf, 0x57, 0xf6, 0xff, 0x42, 0xdd, 0xdf, 0x4e, 0xd9, 0x3f, 0x44,
    0xdd, 0xbf, 0x5c, 0xd9, 0x5f, 0x4f, 0xdd, 0x3f, 0x56, 0xde, 0xbf, 0xd8,
    0x3f, 0x45, 0xde, 0xbf, 0xd8, 0x5f, 0x5f, 0xde, 0xbf, 0xd8, 0x3f, 0x5d,
    0xde, 0xbf, 0xd8, 0x3f, 0x50, 0xde, 0xbf, 0xd8, 0xdf, 0x50, 0xde, 0xbf,
    0xd8, 0x7f, 0xa6, 0xbc, 0x7f, 0xb1, 0xff, 0x62, 0x79, 0xff, 0x62, 0xff,
    0xf7, 0xf2, 0xfe, 0xc5, 0xfe, 0xbb, 0xe4, 0xfd, 0x8b, 0xfd, 0x3d, 0xe5,
    0xfd, 0x8b, 0xfd, 0xc7, 0xcb, 0xfb, 0x17, 0xfb, 0x7f, 0x27, 0xef, 0x5f,
    0xec, 0xdf, 0x2a, 0xef, 0x5f, 0xec, 0xdf, 0x2e, 0xef, 0x5f, 0xec, 0xdf,
    0x55, 0xde, 0xbf, 0xd8, 0x3f, 0x48, 0xde, 0xbf, 0xd8, 0xdf, 0x58, 0xde,
    0xbf, 0xd8, 0x5f, 0x5b, 0xde, 0xbf, 0xd8, 0x3f, 0x4e, 0xde, 0xbf, 0xd8,
    0xdf, 0x43, 0xde, 0xbf, 0xd8, 0xff, 0xac, 0xbc, 0x7f, 0xb1, 0xff, 0x08,
    0x79, 0xff, 0x62, 0xff, 0x3d, 0xf2, 0xfe, 0xc5, 0xfe, 0xdd, 0xe5, 0xfd,
    0x8b, 0xfd, 0x3d, 0xe5, 0xfd, 0x8b, 0xfd, 0xdf, 0xc8, 0xfb, 0x17, 0xfb,
    0x7f, 0x2b, 0xef, 0x5f, 0xec, 0x1f, 0x29, 0xef, 0x5f, 0xec, 0xbf, 0x59,
    0xde, 0xbf, 0xd8, 0x5f, 0x47, 0xde, 0xbf, 0xd8, 0x3f, 0x45, 0xde, 0xbf,
    0xd8, 0xbf, 0x4a, 0xde, 0xbf, 0xd8, 0xff, 0xb0, 0xbc, 0x7f, 0xb1, 0x7f,
    0xa9, 0xbc, 0x7f, 0xb1, 0x7f, 0x85, 0xbc, 0x7f, 0xb1, 0xff, 0x5d, 0x79,
    0xff, 0x62, 0xff, 0xcb, 0xf2, 0xfe, 0xc5, 0xfe, 0x43, 0xe5, 0xfd, 0x8b,
    0xfd, 0xef, 0xcb, 0xfb, 0x17, 0xfb, 0x2f, 0x97, 0xf7, 0x2f, 0xf6, 0x1f,
    0x2f, 0xef, 0x5f, 0xec, 0xff, 0x8d, 0xbc, 0x7f, 0xb1, 0x7f, 0xa0, 0xbc,
    0x7f, 0xb1, 0xff, 0x53, 0x79, 0xff, 0x62, 0xff, 0x13, 0xf2, 0xfe, 0xc5,
    0xfe, 0xc3, 0xe5, 0xfd, 0x8b, 0xfd, 0xbf, 0x95, 0xf7, 0x2f, 0xf6, 0xd7,
    0x90, 0xf7, 0x2f, 0xf6, 0x37, 0x94, 0xf7, 0x2f, 0xf6, 0x2f, 0x92, 0xf7,
    0x2f, 0xf6, 0xb7, 0x97, 0xf7, 0x2f, 0xf6, 0x9f, 0x20, 0xef, 0x5f, 0xec,
    0x7f, 0x40, 0xde, 0xbf, 0xd8, 0x7f, 0xaa, 0xbc, 0x7f, 0xb1, 0xff, 0x5b,
    0x79, 0xff, 0x62, 0xff, 0x48, 0x79, 0xff, 0x62, 0xff, 0x36, 0x79, 0xff,
    0x62, 0xff, 0x4b, 0xf2, 0xfe, 0xc5, 0xfe, 0xeb, 0xe4, 0xfd, 0x8b, 0xfd,
    0x57, 0xca, 0xfb, 0x17, 0xfb, 0x9f, 0x92, 0xf7, 0x2f, 0xf6, 0xcf, 0x92,
    0xf7, 0x2f, 0xf6, 0x9f, 0x21, 0xef, 0x5f, 0xec, 0x7f, 0x55, 0xde, 0xbf,
    0xd8, 0x7f, 0xb8, 0xbc, 0x7f, 0xb1, 0xff, 0x27, 0xf2, 0xfe, 0xc5, 0xfe,
    0xa3, 0xe5, 0xfd, 0x8b, 0xfd, 0x4f, 0xcb, 0xfb, 0x17, 0xfb, 0x3b, 0xc9,
    0xfb, 0x17, 0xfb, 0x7b, 0xc8, 0xfb, 0x17, 0xfb, 0x7b, 0xcb, 0xfb, 0x17,
    0xfb, 0xdf, 0x92, 0xf7, 0x2f, 0xf6, 0xd7, 0x92, 0xf7, 0x2f, 0xf6, 0xef,
    0x2e, 0xef, 0x5f, 0xec, 0xff, 0x52, 0xde, 0xbf, 0xd8, 0x7f, 0xa3, 0xbc,
    0x7f, 0xb1, 0xff, 0x5f, 0xe4, 0xfd, 0x8b, 0xfd, 0x9f, 0xca, 0xfb, 0x17,
    0xfb, 0x0f, 0x95, 0xf7, 0x2f, 0xf6, 0xbf, 0x28, 0xef, 0x5f, 0xec, 0xef,
    0x2a, 0xef, 0x5f, 0xec, 0x1f, 0x2e, 0xef, 0x5f, 0xec, 0xaf, 0x23, 0xef,
    0x5f, 0xec, 0xff, 0x44, 0xde, 0xbf, 0xd8, 0x3f, 0x55, 0xde, 0xbf, 0xd8,
    0xbf, 0x4a, 0xde, 0xbf, 0xd8, 0xdf, 0x46, 0xde, 0xbf, 0xd8, 0xff, 0x13,
    0x79, 0xff, 0x62, 0xff, 0xcb, 0xf2, 0xfe, 0xc5, 0xfe, 0x3f, 0xcb, 0xfb,
    0x17, 0xfb, 0x9b, 0xca, 0xfb, 0x17, 0xfb, 0x4f, 0x93, 0xf7, 0x2f, 0xf6,
    0xaf, 0x93, 0xf7, 0x2f, 0xf6, 0x4f, 0x90, 0xf7, 0x2f, 0xf6, 0x1f, 0x2d,
    0xef, 0x5f, 0xec, 0x3f, 0x5b, 0xde, 0xbf, 0xd8, 0x3f, 0x56, 0xde, 0xbf,
    0xd8, 0x3f, 0x5d, 0xde, 0xbf, 0xd8, 0x3f, 0x4b, 0xde, 0xbf, 0xd8, 0x7f,
    0x9f, 0xbc, 0x7f, 0xb1, 0xff, 0x2a, 0x79, 0xff, 0x62, 0xff, 0x11, 0xf2,
    0xfe, 0xc5, 0xfe, 0xfe, 0xf2, 0xfe, 0xc5, 0xfe, 0x93, 0xe4, 0xfd, 0x8b,
    0xfd, 0xfb, 0xca, 0xfb, 0x17, 0xfb, 0x5f, 0x95, 0xf7, 0x2f, 0xf6, 0xcf,
    0x93, 0xf7, 0x2f, 0xf6, 0x2f, 0x91, 0xf7, 0x2f, 0xf6, 0x9f, 0x26, 0xef,
    0x5f, 0xec, 0x1f, 0x29, 0xef, 0x5f, 0xec, 0x3f, 0x51, 0xde, 0xbf, 0xd8,
    0x3f, 0x59, 0xde, 0xbf, 0xd8, 0xff, 0x95, 0xbc, 0x7f, 0xb1, 0xff, 0x3b,
    0x79, 0xff, 0x62, 0x7f, 0x4d, 0x79, 0xff, 0x62, 0xff, 0x06, 0x79, 0xff,
    0x62, 0xff, 0x9b, 0xf2, 0xfe, 0xc5, 0xfe, 0x33, 0xd1, 0x7f, 0x13, 0x52,
    0xd1, 0x7f, 0x8e, 0xd7, 0xd1, 0x7f, 0x33, 0x9f, 0xa0, 0xff, 0x82, 0xcb,
    0xd0, 0x7f, 0xee, 0x07, 0xd1, 0x7f, 0xf6, 0x37, 0xd1, 0x7f, 0x49, 0x75,
    0xe8, 0x3f, 0x1d, 0x23, 0xf4, 0x5f, 0xce, 0x7d, 0xf4, 0x5f, 0xef, 0x24,
    0xf4, 0xdf, 0xaf, 0xbd, 0xd0, 0x7f, 0xe1, 0x5f, 0xa3, 0xff, 0xac, 0x56,
    0xa2, 0xff, 0xca, 0xf4, 0xd1, 0x7f, 0x1b, 0xab, 0xd0, 0x7f, 0x91, 0xdd,
    0xd0, 0x7f, 0x7a, 0xeb, 0xd0, 0x7f, 0x01, 0x0d, 0xe8, 0xbf, 0xa8, 0x33,
    0xe8, 0x3f, 0xaf, 0x60, 0xf4, 0xdf, 0x92, 0x4a, 0xf4, 0xdf, 0x96, 0x38,
    0xf4, 0x5f, 0xcc, 0x39, 0xf4, 0xdf, 0x63, 0x5f, 0xf4, 0x5f, 0xab, 0x3b,
    0xfa, 0x2f, 0xa1, 0x15, 0xfd, 0x57, 0xec, 0x81, 0xfe, 0xf3, 0x31, 0x40,
    0xff, 0xc5, 0x0f, 0x40, 0xff, 0x95, 0xde, 0x43, 0xff, 0x2d, 0xdd, 0x8b,
    0xfe, 0xfb, 0xbc, 0x19, 0xfd, 0xa7, 0xf5, 0x18, 0xfd, 0x37, 0x38, 0x05,
    0xfd, 0x57, 0x77, 0x1e, 0xfd, 0x57, 0x5f, 0x8b, 0xfe, 0xfb, 0x22, 0x17,
    0xfd, 0x17, 0xb2, 0x15, 0xfd, 0xa7, 0xe7, 0x8d, 0xfe, 0x73, 0x5e, 0x8d,
    0xfe, 0x4b, 0x4c, 0x43, 0xff, 0xd9, 0xfd, 0x0b, 0xfd, 0x37, 0xae, 0x0a,
    0xfd, 0x17, 0x32, 0x07, 0xfd, 0xe7, 0x68, 0x85, 0xfe, 0xb3, 0x28, 0x41,
    0xff, 0x19, 0x7a, 0xa1, 0xff, 0x96, 0x7e, 0x81, 0xfe, 0x73, 0x6b, 0x46,
    0xff, 0x45, 0x95, 0xa1, 0xff, 0x76, 0xbd, 0x41, 0xff, 0xd9, 0xf5, 0x44,
    0xff, 0xdd, 0x35, 0x47, 0xff, 0xbd, 0xf7, 0x46, 0xff, 0xb9, 0x04, 0xa0,
    0xff, 0x16, 0x97, 0xa0, 0xff, 0x7e, 0x2c, 0x46, 0xff, 0x85, 0x25, 0xa2,
    0xff, 0x2a, 0xbe, 0x43, 0xff, 0x35, 0x7c, 0x8f, 0xfe, 0xf3, 0x9b, 0x8b,
    0xfe, 0xbb, 0x3e, 0x1b, 0xfd, 0x37, 0x3f, 0x03, 0xfd, 0xe7, 0x69, 0x80,
    0xfe, 0x0b, 0x9e, 0x8c, 0xfe, 0x6b, 0x7b, 0x82, 0xfe, 0x73, 0x73, 0x47,
    0xff, 0x15, 0x5d, 0x46, 0xff, 0x85, 0x25, 0xa3, 0xff, 0x82, 0x3b, 0xd0,
    0x7f, 0x96, 0x3d, 0xd1, 0x7f, 0x66, 0x1f, 0xd0, 0x7f, 0x35, 0x63, 0xd1,
    0x7f, 0x5e, 0x7d, 0xd0, 0x7f, 0xfb, 0x87, 0xa3, 0xff, 0x32, 0xb4, 0xd0,
    0x7f, 0x19, 0x3a, 0xe8, 0xbf, 0x90, 0x95, 0xe8, 0xbf, 0x98, 0x04, 0xf4,
    0xdf, 0x9f, 0x87, 0xa3, 0xff, 0x1e, 0xcc, 0x46, 0xff, 0x6d, 0x1a, 0x84,
    0xfe, 0xbb, 0x66, 0x87, 0xfe, 0xb3, 0x5d, 0x8a, 0xfe, 0xdb, 0x7a, 0x1a,
    0xfd, 0x57, 0x98, 0x83, 0xfe, 0xf3, 0x76, 0x40, 0xff, 0x95, 0x0f, 0x41,
    0xff, 0xc5, 0x8d, 0x47, 0xff, 0xc5, 0x57, 0xa1, 0xff, 0x74, 0x3b, 0xd0,
    0x7f, 0x76, 0x81, 0xe8, 0xbf, 0xb4, 0x58, 0xf4, 0x9f, 0x7b, 0x23, 0xfa,
    0xef, 0x45, 0x07, 0xfa, 0xaf, 0xcb, 0x27, 0xe8, 0xbf, 0x4a, 0x57, 0xf4,
    0xdf, 0xc8, 0xbf, 0xa2, 0xff, 0x42, 0xde, 0xa2, 0xff, 0x9a, 0xc7, 0xa0,
    0xff, 0x3c, 0x26, 0xa3, 0xff, 0xcc, 0xea, 0xd0, 0x7f, 0x8d, 0x29, 0xe8,
    0xbf, 0x0b, 0x16, 0xe8, 0xbf, 0x96, 0x7a, 0xf4, 0xdf, 0xa7, 0x8b, 0xd1,
    0x7f, 0x1b, 0xac, 0xd1, 0x7f, 0x9a, 0xeb, 0xd0, 0x7f, 0xa6, 0xed, 0xe8,
    0xbf, 0x41, 0x7e, 0xe8, 0x3f, 0x8f, 0xc5, 0xe8, 0xbf, 0xa6, 0x01, 0xe8,
    0xbf, 0x3a, 0x63, 0xf4, 0xdf, 0xea, 0x27, 0xe8, 0xbf, 0xb0, 0x63, 0xe8,
    0xbf, 0x51, 0x63, 0xd1, 0x7f, 0x0b, 0xe6, 0xa1, 0xff, 0x9a, 0x3d, 0xd0,
    0x7f, 0xc5, 0xa5, 0xe8, 0x3f, 0xff, 0x2c, 0xf4, 0x5f, 0x98, 0x36, 0xfa,
    0x2f, 0x2f, 0x03, 0xfd, 0x57, 0xfb, 0x13, 0xfa, 0xaf, 0x79, 0x15, 0xfa,
    0x2f, 0xa3, 0x36, 0x89, 0xdf, 0xff, 0xe8, 0xbf, 0xc1, 0xc6, 0xe8, 0x3f,
    0xf7, 0xb9, 0xe8, 0xbf, 0xba, 0x20, 0xf4, 0x5f, 0xfa, 0x05, 0xf4, 0xdf,
    0xb3, 0x26, 0xf4, 0x5f, 0xb1, 0x39, 0xfa, 0xaf, 0x69, 0x07, 0xfa, 0xef,
    0x51, 0x3e, 0xfa, 0xcf, 0xa1, 0x19, 0xfd, 0x37, 0xd4, 0x11, 0xfd, 0xa7,
    0x37, 0x0a, 0xfd, 0x67, 0x94, 0x8f, 0xfe, 0x7b, 0x69, 0x89, 0xfe, 0x73,
    0x5a, 0x8b, 0xfe, 0x33, 0xa9, 0x41, 0xff, 0x9d, 0x5e, 0x8d, 0xfe, 0xab,
    0x70, 0x45, 0xff, 0x35, 0x04, 0xa3, 0xff, 0xa6, 0x65, 0xa3, 0xff, 0x56,
    0x8d, 0x45, 0xff, 0x4d, 0x5e, 0x89, 0xfe, 0xab, 0x0f, 0x41, 0xff, 0xe5,
    0x0e, 0x44, 0xff, 0x39, 0xa7, 0xa1, 0xff, 0x12, 0x9a, 0xd0, 0x7f, 0x63,
    0x9b, 0xd0, 0x7f, 0x26, 0x67, 0xd1, 0x7f, 0xb7, 0x26, 0xa0, 0xff, 0xb2,
    0x3a, 0xd1, 0x7f, 0x85, 0x4b, 0xd1, 0x7f, 0x5f, 0x59, 0xa1, 0xff, 0xa2,
    0xcb, 0xd1, 0x7f, 0x0d, 0x37, 0xd0, 0x7f, 0xb3, 0xfa, 0xa3, 0xff, 0xdc,
    0x46, 0xa2, 0xff, 0xe6, 0x6e, 0x41, 0xff, 0xf5, 0x5e, 0x80, 0xfe, 0xeb,
    0xb3, 0x16, 0xfd, 0xb7, 0x73, 0x21, 0xf7, 0x9f, 0x82, 0xfe, 0x1b, 0xb0,
    0x07, 0xfd, 0x17, 0x7b, 0x1c, 0xfd, 0xf7, 0xee, 0x00, 0xfa, 0x6f, 0xe0,
    0x26, 0xf4, 0xdf, 0x81, 0xb9, 0xe8, 0x3f, 0xdd, 0xbb, 0xe8, 0xbf, 0x27,
    0x05, 0xe8, 0x3f, 0xdf, 0xee, 0xe8, 0xbf, 0xe4, 0xcf, 0xd0, 0x7f, 0xf5,
    0x7f, 0x45, 0xff, 0x9d, 0xfc, 0x09, 0xfd, 0x67, 0x65, 0x8d, 0xfe, 0xb3,
    0xce, 0x43, 0xff, 0x69, 0x77, 0xa0, 0xff, 0x76, 0x7f, 0x8c, 0xfe, 0x5b,
    0x13, 0x84, 0xfe, 0xab, 0x1e, 0x8b, 0xfe, 0xbb, 0xdf, 0x1d, 0xfd, 0xd7,
    0x2d, 0x11, 0xfd, 0xd7, 0x25, 0x1a, 0xfd, 0x77, 0x44, 0x0f, 0xfd, 0x67,
    0x38, 0x14, 0xfd, 0xa7, 0xbf, 0x01, 0xfd, 0xd7, 0xb6, 0x14, 0xfd, 0x17,
    0x9a, 0x89, 0xfe, 0x73, 0x29, 0x42, 0xff, 0x9d, 0xeb, 0x44, 0xff, 0x4d,
    0x69, 0x41, 0xff, 0xc5, 0x6e, 0x43, 0xff, 0xd9, 0x54, 0xa1, 0xff, 0x5c,
    0x6e, 0xa3, 0xff, 0x6e, 0x3d, 0x43, 0xff, 0xed, 0xb3, 0x43, 0xff, 0xf5,
    0x3b, 0x8c, 0xfe, 0x5b, 0xbb, 0x1d, 0xfd, 0x67, 0x1c, 0x82, 0xfe, 0xcb,
    0xac, 0x44, 0xff, 0xb5, 0x6f, 0xe1, 0xfd, 0x27, 0xa1, 0xff, 0xce, 0x57,
    0xa3, 0xff, 0x72, 0xbe, 0x47, 0xff, 0x75, 0x66, 0xa0, 0xff, 0x2e, 0x05,
    0xa3, 0xff, 0x62, 0x9b, 0xd0, 0x7f, 0x45, 0xaf, 0xd1, 0x7f, 0x56, 0xdf,
    0xa2, 0xff, 0x2a, 0x35, 0xd0, 0x7f, 0x97, 0xcc, 0xd1, 0x7f, 0x35, 0xc1,
    0xe8, 0xbf, 0x85, 0x1b, 0xd1, 0x7f, 0xb1, 0xbe, 0xe8, 0xbf, 0x05, 0x45,
    0xe8, 0x3f, 0xed, 0xfe, 0xe8, 0x3f, 0xcd, 0x78, 0xf4, 0x5f, 0x42, 0x12,
    0xfa, 0x6f, 0xcc, 0x0a, 0xf4, 0x9f, 0x77, 0x22, 0xfa, 0xaf, 0x35, 0x07,
    0xfd, 0x97, 0xeb, 0x81, 0xfe, 0xdb, 0x30, 0x02, 0xfd, 0x57, 0xbe, 0x17,
    0xfd, 0xe7, 0x3f, 0x07, 0xfd, 0xb7, 0xf9, 0x36, 0xfa, 0x6f, 0xde, 0x22,
    0xf4, 0xdf, 0x91, 0x0c, 0xf4, 0x9f, 0x5b, 0x04, 0xfa, 0xcf, 0x29, 0x10,
    0xfd, 0x17, 0xd3, 0x86, 0xfe, 0x5b, 0xfe, 0x07, 0xfa, 0xaf, 0x74, 0x0c,
    0xfa, 0x2f, 0x7b, 0x03, 0xfa, 0xaf, 0x6e, 0x27, 0xfa, 0xaf, 0xd7, 0x5a,
    0xf4, 0xdf, 0x74, 0x67, 0xf4, 0x9f, 0xcd, 0x4e, 0xf4, 0x5f, 0x70, 0x30,
    0xfa, 0xef, 0xe0, 0x68, 0xf4, 0x5f, 0x7b, 0x1f, 0xfe, 0xfe, 0x77, 0x45,
    0xff, 0xed, 0xda, 0x80, 0xfe, 0x3b, 0xee, 0x8d, 0xfe, 0x2b, 0xd9, 0x89,
    0xfe, 0xdb, 0xbe, 0x0a, 0xfd, 0x17, 0xaf, 0x8d, 0xfe, 0xdb, 0xe8, 0x83,
    0xfe, 0xb3, 0x8f, 0x43, 0xff, 0xb9, 0xe4, 0xa1, 0xff, 0x5c, 0x42, 0xd1,
    0x7f, 0xb6, 0x6e, 0xe8, 0xbf, 0xbe, 0xae, 0xe8, 0xbf, 0x47, 0x49, 0xe8,
    0xbf, 0xfc, 0xd9, 0xe8, 0xbf, 0xcc, 0x6c, 0xf4, 0x9f, 0xcb, 0x31, 0xf4,
    0xdf, 0xf4, 0xb9, 0xe8, 0xbf, 0x0a, 0x33, 0xf4, 0x5f, 0x53, 0x06, 0xfa,
    0xef, 0xd0, 0x0d, 0xf4, 0xdf, 0xfe, 0x6a, 0xf4, 0x9f, 0x71, 0x2b, 0xfa,
    0xcf, 0xaa, 0x1d, 0xfd, 0x17, 0x5e, 0x83, 0xfe, 0x3b, 0x37, 0x08, 0xfd,
    0x67, 0x1d, 0x8a, 0xfe, 0xb3, 0x9f, 0x87, 0xfe, 0x6b, 0xfb, 0x1e, 0xfd,
    0x77, 0x68, 0x32, 0xfa, 0xaf, 0xe0, 0x25, 0xfa, 0xef, 0x61, 0x2a, 0xfa,
    0xaf, 0xc5, 0x07, 0xfd, 0xd7, 0xaf, 0x07, 0xfa, 0x6f, 0xc0, 0x13, 0xf4,
    0x5f, 0xcf, 0x44, 0xf4, 0xdf, 0xa2, 0x30, 0xf4, 0xdf, 0xfa, 0xc1, 0xe8,
    0xbf, 0x64, 0x0f, 0xf4, 0xdf, 0xe2, 0x3e, 0xfc, 0xff, 0x6f, 0x41, 0xff,
    0x4d, 0xba, 0x89, 0xfe, 0x8b, 0x98, 0x8d, 0xfe, 0xeb, 0xf4, 0x42, 0xff,
    0x95, 0xe7, 0xa0, 0xff, 0x32, 0x37, 0xa3, 0xff, 0x4c, 0x02, 0xd0, 0x7f,
    0xe7, 0xdc, 0xd1, 0x7f, 0x7e, 0xf1, 0xe8, 0xbf, 0xed, 0x9e, 0xe8, 0xbf,
    0x84, 0x46, 0xf4, 0xdf, 0xb0, 0xe7, 0xe8, 0xbf, 0x8b, 0x89, 0xe8, 0x3f,
    0x2d, 0x27, 0xf4, 0x5f, 0xd4, 0x41, 0xf4, 0x5f, 0xe0, 0x6f, 0xe8, 0xbf,
    0xa3, 0xf3, 0xd1, 0x7f, 0x67, 0xcf, 0xa1, 0xff, 0xca, 0x76, 0xa1, 0xff,
    0xb2, 0xbb, 0xa0, 0xff, 0xe2, 0x75, 0xd0, 0x7f, 0xd1, 0xb6, 0xe8, 0xbf,
    0xf4, 0x6d, 0xe8, 0xbf, 0x99, 0x3f, 0xa2, 0xff, 0x6c, 0xdc, 0xd0, 0x7f,
    0x0e, 0x3d, 0xd1, 0x7f, 0xeb, 0x4c, 0xd0, 0x7f, 0x25, 0x9a, 0xe8, 0xbf,
    0xfa, 0xfb, 0xe8, 0xbf, 0x1a, 0x7d, 0xf4, 0x5f, 0xc1, 0x3f, 0x6c, 0xf8,
    0xfd, 0x4f, 0xff, 0xd9, 0x42, 0xff, 0x39, 0x4a, 0xff, 0x59, 0x49, 0xff,
    0xf9, 0x8e, 0xfe, 0xf3, 0x17, 0xfa, 0x8f, 0x35, 0xfd, 0xe7, 0x18, 0xfb,
    0x6f, 0x23, 0xfd, 0xc7, 0x8c, 0xfe, 0x53, 0x4a, 0xff, 0xb1, 0xa3, 0xff,
    0x98, 0xd2, 0x7f, 0xc2, 0xe9, 0x3f, 0x7d, 0xe8, 0x3f, 0x4d, 0xf4, 0x1f,
    0x7b, 0xfa, 0xcf, 0x1a, 0xfa, 0x8f, 0x1e, 0xfd, 0xc7, 0x88, 0xfe, 0x33,
    0x86, 0xfe, 0xf3, 0x9c, 0xfe, 0x73, 0x8f, 0xfe, 0x63, 0x42, 0xff, 0x71,
    0xa5, 0xff, 0x24, 0xd3, 0x7f, 0x34, 0xe8, 0x3f, 0x29, 0xf4, 0x9f, 0xd1,
    0xf4, 0x9f, 0x72, 0xfa, 0xcf, 0x29, 0xfa, 0x4f, 0x24, 0xfd, 0xe7, 0x2c,
    0xfd, 0x47, 0x8f, 0xfe, 0x33, 0x85, 0xfe, 0xb3, 0x98, 0xfe, 0x93, 0x4a,
    0xff, 0xa9, 0xa6, 0xff, 0xcc, 0xa7, 0xff, 0xbc, 0xe1, 0xfe, 0x7e, 0xf4,
    0x1f, 0x03, 0xfa, 0x4f, 0x36, 0xfd, 0xe7, 0x0c, 0xfd, 0xe7, 0x0d, 0xfd,
    0xe7, 0x12, 0xfd, 0xa7, 0x88, 0xfe, 0xd3, 0x8b, 0xfd, 0xff, 0x8a, 0xfe,
    0xf3, 0x86, 0xfe, 0x33, 0x8e, 0xfe, 0x53, 0x42, 0xff, 0x39, 0x4e, 0xff,
    0x89, 0xa7, 0xff, 0x1c, 0xa5, 0xff, 0xbc, 0xa4, 0xff, 0xdc, 0xa3, 0xff,
    0x78, 0xd2, 0x7f, 0x6a, 0xe8, 0x3f, 0x96, 0xf4, 0x9f, 0xa7, 0xf4, 0x9f,
    0x32, 0xfa, 0x8f, 0x37, 0xfd, 0xe7, 0x24, 0xfd, 0xa7, 0x93, 0xfe, 0xb3,
    0x97, 0xfe, 0x93, 0x4e, 0xff, 0xc9, 0xa7, 0xff, 0x2c, 0xa1, 0xff, 0x8c,
    0xa1, 0xff, 0x2c, 0xa4, 0xff, 0xc4, 0xd1, 0x7f, 0xbc, 0xe9, 0x3f, 0x76,
    0xf4, 0x9f, 0x1e, 0xf4, 0x9f, 0x6a, 0xfa, 0xcf, 0x58, 0xfa, 0xcf, 0x61,
    0xfa, 0x4f, 0x3d, 0xef, 0xdf, 0x8c, 0xfe, 0xc3, 0xfe, 0x73, 0xbc, 0x47,
    0xff, 0xb1, 0xa0, 0xff, 0xcc, 0xa3, 0xff, 0xbc, 0xa3, 0xff, 0x04, 0xd2,
    0x7f, 0xde, 0xf1, 0xfb, 0xcf, 0x94, 0xfe, 0xb3, 0x87, 0xfe, 0x63, 0x41,
    0xff, 0x39, 0x41, 0xff, 0xb1, 0xa3, 0xff, 0x3c, 0xa6, 0xff, 0x58, 0xd1,
    0x7f, 0xce, 0xd3, 0x7f, 0x6c, 0xe9, 0x3f, 0xc7, 0xe9, 0x3f, 0xbf, 0xd0,
    0x7f, 0x6a, 0xe9, 0x3f, 0xce, 0xf4, 0x1f, 0x4f, 0xfa, 0x4f, 0x05, 0xfd,
    0x27, 0x83, 0xfe, 0x73, 0x80, 0xfe, 0x13, 0x4d, 0xff, 0x09, 0xa4, 0xff,
    0x5c, 0xa1, 0xff, 0xf8, 0xd1, 0x7f, 0xa2, 0xe9, 0x3f, 0x3b, 0xe9, 0x3f,
    0xc5, 0xf4, 0x9f, 0xb1, 0xf4, 0x9f, 0x5b, 0xf4, 0x9f, 0x47, 0xf4, 0x9f,
    0xfb, 0xf4, 0x9f, 0xcf, 0xe9, 0x3f, 0x9a, 0xf4, 0x9f, 0x2b, 0xf4, 0x9f,
    0x40, 0xfe, 0xfe, 0x9f, 0xe5, 0xfe, 0x07, 0xe8, 0x3f, 0x7f, 0xd0, 0x7f,
    0x1c, 0xe8, 0x3f, 0xcb, 0xe9, 0x3f, 0x77, 0xe8, 0x3f, 0xf6, 0xf4, 0x1f,
    0x23, 0x7e, 0xff, 0xcf, 0xa5, 0xff, 0xdc, 0xa2, 0xff, 0x44, 0xd2, 0x7f,
    0x6e, 0xd3, 0x7f, 0xfc, 0xe9, 0x3f, 0x0b, 0xe8, 0x3f, 0x43, 0xe8, 0x3f,
    0xec, 0x3f, 0x97, 0xb7, 0xf4, 0x9f, 0x89, 0xf4, 0x9f, 0x83, 0xf4, 0x9f,
    0x1c, 0xfa, 0xcf, 0x23, 0xfa, 0xcf, 0x0d, 0xfa, 0xcf, 0x75, 0xfa, 0x4f,
    0x37, 0xfa, 0xcf, 0x0a, 0xfa, 0xcf, 0x54, 0xfa, 0x4f, 0x1d, 0xfd, 0x67,
    0x1c, 0xfd, 0x47, 0x83, 0xfe, 0x13, 0x40, 0xff, 0x79, 0x44, 0xff, 0x09,
    0xa0, 0xff, 0x5c, 0xa6, 0xff, 0x98, 0xd3, 0x7f, 0x12, 0xe9, 0x3f, 0xc9,
    0xf4, 0x1f, 0x57, 0xfa, 0xcf, 0x1a, 0xfa, 0x8f, 0x1b, 0xff, 0xff, 0xdf,
    0xf3, 0xfe, 0x8d, 0xe8, 0x3f, 0x67, 0xe8, 0x3f, 0xb9, 0xf4, 0x9f, 0x15,
    0xf4, 0x9f, 0x3b, 0xf4, 0x1f, 0xf6, 0x5f, 0x78, 0x10, 0xdf, 0x7f, 0x66,
    0xd1, 0x7f, 0x5e, 0xd0, 0x7f, 0x62, 0xe8, 0x3f, 0x9b, 0xe8, 0x3f, 0xbd,
    0xe9, 0x3f, 0x15, 0xf4, 0x9f, 0x9d, 0xf4, 0x9f, 0x2c, 0xee, 0xaf, 0x4d,
    0xff, 0xf9, 0x85, 0xfe, 0x33, 0x90, 0xfe, 0x93, 0x4b, 0xff, 0x71, 0xa1,
    0xff, 0x78, 0xd3, 0x7f, 0x5e, 0xd0, 0x7f, 0xcc, 0xe9, 0x3f, 0x41, 0xf4,
    0x1f, 0x2f, 0xfa, 0xcf, 0x3e, 0xfa, 0x4f, 0x07, 0xfd, 0xa7, 0x96, 0xfe,
    0xb3, 0x8b, 0xfe, 0xb3, 0x9e, 0xfe, 0x73, 0x8d, 0xfe, 0xd3, 0x42, 0xff,
    0x89, 0xa2, 0xff, 0xec, 0xa5, 0xff, 0x4c, 0xa4, 0xff, 0x24, 0xd2, 0x7f,
    0x74, 0xe8, 0x3f, 0x33, 0xd8, 0x7f, 0x86, 0xf4, 0x9f, 0x9d, 0xfc, 0xfd,
    0x8f, 0xa0, 0xff, 0x14, 0xd3, 0x7f, 0xda, 0xe9, 0x3f, 0xa9, 0xf4, 0x9f,
    0x36, 0xee, 0xbf, 0x83, 0xef, 0x7f, 0x39, 0xf4, 0x1f, 0x47, 0xfa, 0x8f,
    0x2f, 0xfd, 0x67, 0x3f, 0xfd, 0x67, 0x36, 0xfd, 0xe7, 0x2d, 0xfd, 0xe7,
    0x31, 0xfd, 0xc7, 0x99, 0xf7, 0xff, 0x8a, 0xfe, 0xd3, 0x42, 0xff, 0x49,
    0xa3, 0xff, 0xb4, 0xd0, 0x7f, 0xee, 0xd1, 0x7f, 0x1e, 0xd2, 0x7f, 0x7e,
    0xa0, 0xff, 0x1c, 0xa6, 0xff, 0x3c, 0xa3, 0xff, 0x78, 0xd0, 0x7f, 0x6a,
    0xe9, 0x3f, 0x31, 0xf4, 0x9f, 0x32, 0xfa, 0xcf, 0x1e, 0xfa, 0xcf, 0x4f,
    0xf4, 0x9f, 0x54, 0xfa, 0xcf, 0x72, 0xfa, 0x4f, 0x23, 0xfd, 0xe7, 0x01,
    0xfd, 0x67, 0x18, 0xfd, 0xa7, 0x8e, 0xfe, 0x13, 0x41, 0xff, 0xc9, 0xa5,
    0xff, 0x6c, 0x65, 0xff, 0x5b, 0xf2, 0xff, 0x7f, 0x34, 0xfd, 0x67, 0x35,
    0xfd, 0x27, 0x8f, 0xfe, 0xe3, 0x47, 0xff, 0x71, 0xe5, 0xfd, 0x9b, 0xd0,
    0x7f, 0x06, 0xf3, 0xfd, 0xf7, 0x04, 0xfd, 0xc7, 0x8b, 0xfe, 0x53, 0x40,
    0xff, 0xd9, 0x47, 0xff, 0x31, 0xa4, 0xff, 0x1c, 0xa4, 0xff, 0x38, 0xd3,
    0x7f, 0xe2, 0xf8, 0xfb, 0x6f, 0x41, 0xff, 0x39, 0x4b, 0xff, 0xf9, 0x8c,
    0xfe, 0xd3, 0x8d, 0xfe, 0xb3, 0x8c, 0xfe, 0xf3, 0x11, 0xfd, 0x67, 0x15,
    0xfd, 0xe7, 0x35, 0xfd, 0xe7, 0x0a, 0xfd, 0xe7, 0x3d, 0xfd, 0xe7, 0x23,
    0xfa, 0x4f, 0x39, 0xfd, 0xc7, 0x94, 0xfe, 0x13, 0x47, 0xff, 0xa9, 0xa6,
    0xff, 0x98, 0xd3, 0x7f, 0x3c, 0xe8, 0x3f, 0x73, 0xe8, 0x3f, 0x4f, 0xe9,
    0x3f, 0x1a, 0xf4, 0x9f, 0x2a, 0xfa, 0xcf, 0x08, 0xfa, 0xcf, 0x19, 0x7e,
    0xff, 0x39, 0xb1, 0xff, 0x76, 0xd0, 0x7f, 0xc6, 0xd1, 0x7f, 0xae, 0xd3,
    0x7f, 0xe2, 0xe8, 0x3f, 0x61, 0xf4, 0x9f, 0xd7, 0xfc, 0xfd, 0xd7, 0xe0,
    0xfb, 0xff, 0x10, 0xfa, 0xcf, 0x5d, 0xfa, 0x4f, 0x20, 0xfd, 0xc7, 0x97,
    0xfe, 0xd3, 0x8f, 0xfe, 0xf3, 0x33, 0xfd, 0x47, 0x97, 0xfe, 0x93, 0xc5,
    0xff, 0xff, 0x6a, 0xfa, 0xcf, 0x46, 0xfa, 0xcf, 0x44, 0xfa, 0x8f, 0x21,
    0xfd, 0xc7, 0x80, 0xfe, 0x13, 0x42, 0xff, 0x29, 0xa3, 0xff, 0xd4, 0xd0,
    0x7f, 0xa6, 0xd0, 0x7f, 0x0e, 0xd2, 0x7f, 0x7a, 0xd3, 0x7f, 0x5e, 0xd3,
    0x7f, 0xb6, 0xd2, 0x7f, 0xfe, 0x46, 0xff, 0x89, 0xa7, 0xff, 0x98, 0xd3,
    0x7f, 0xbc, 0xe9, 0x3f, 0x0d, 0xf4, 0x9f, 0xb7, 0xf4, 0x9f, 0x74, 0xfa,
    0xcf, 0x0c, 0xfa, 0x8f, 0x06, 0xfd, 0x47, 0x87, 0xfe, 0x13, 0xc4, 0xef,
    0xff, 0x0e, 0xf6, 0xff, 0x78, 0xfa, 0x8f, 0x21, 0xfd, 0xe7, 0x26, 0xfd,
    0xa7, 0x0b, 0xfd, 0x27, 0x93, 0xff, 0xff, 0xc7, 0xe9, 0x3f, 0x53, 0xe9,
    0x3f, 0x26, 0xf4, 0x9f, 0x3a, 0xfa, 0x4f, 0x7f, 0xfa, 0xcf, 0x10, 0xfa,
    0x8f, 0x3e, 0xfd, 0xe7, 0x2e, 0xfd, 0xc7, 0x9e, 0xfd, 0xb7, 0x8c, 0xfe,
    0x13, 0x4a, 0xff, 0x71, 0xa0, 0xff, 0xbc, 0xa4, 0xff, 0x9c, 0xa7, 0xff,
    0xf8, 0xd0, 0x7f, 0x66, 0xd2, 0x7f, 0x0e, 0xd2, 0x7f, 0x86, 0xd2, 0x7f,
    0x2c, 0xe9, 0x3f, 0xd6, 0xf4, 0x9f, 0x4f, 0xe8, 0x3f, 0xa9, 0xf4, 0x9f,
    0x3a, 0xfa, 0x8f, 0x1f, 0xfd, 0xe7, 0x2a, 0xfd, 0xc7, 0x9c, 0xfe, 0x53,
    0x42, 0xff, 0xb9, 0x4a, 0xff, 0xe9, 0x49, 0xff, 0x59, 0x44, 0xff, 0xe9,
    0xa0, 0xff, 0x58, 0xd1, 0x7f, 0xd2, 0xf9, 0xfe, 0x93, 0xc0, 0xef, 0xbf,
    0x95, 0xf4, 0x9f, 0x65, 0xf4, 0x1f, 0x23, 0xfa, 0xcf, 0x3c, 0xfa, 0x4f,
    0x0f, 0xf6, 0x5f, 0x07, 0xfd, 0xe7, 0x7f, 0xfc, 0xef, 0x15, 0xfd, 0x27,
    0x9e, 0xfe, 0x73, 0x86, 0xfe, 0x13, 0x40, 0xff, 0x31, 0xa7, 0xff, 0xbc,
    0xa4, 0xff, 0xfc, 0x46, 0xff, 0xd1, 0x60, 0xff, 0x3b, 0xd2, 0x7f, 0x7c,
    0xe8, 0x3f, 0x3f, 0xd3, 0x7f, 0x34, 0xe9, 0x3f, 0xa5, 0xf4, 0x9f, 0x43,
    0xf4, 0x9f, 0x7d, 0xf4, 0x9f, 0x1e, 0xf4, 0x9f, 0x5c, 0xfa, 0x8f, 0x37,
    0xfd, 0x27, 0x8d, 0xfe, 0x53, 0x45, 0xff, 0x71, 0xa0, 0xff, 0x8c, 0xa3,
    0xff, 0x74, 0xd0, 0x7f, 0x26, 0xd2, 0x7f, 0x7c, 0xe8, 0x3f, 0x5b, 0xe8,
    0x3f, 0x53, 0xe9, 0x3f, 0x87, 0xe9, 0x3f, 0x19, 0xf4, 0x9f, 0x89, 0xf4,
    0x9f, 0x22, 0xbe, 0xff, 0x79, 0xd0, 0x7f, 0xc6, 0xf3, 0xfb, 0x7f, 0x06,
    0xfd, 0xc7, 0x9e, 0xfe, 0xd3, 0x4a, 0xff, 0xd9, 0x4a, 0xff, 0x59, 0xcb,
    0xfe, 0x5f, 0xc2, 0xfd, 0x1b, 0xe8, 0x3f, 0x06, 0xf4, 0x9f, 0x2c, 0xfa,
    0x4f, 0x29, 0xfd, 0x67, 0x12, 0xfd, 0xc7, 0x96, 0xfe, 0x13, 0x4d, 0xff,
    0x71, 0xe2, 0xf7, 0xdf, 0x73, 0xfa, 0x4f, 0x19, 0xfd, 0x67, 0x09, 0xfd,
    0x27, 0x80, 0xfe, 0xf3, 0x3b, 0xfd, 0x27, 0x94, 0xfe, 0xf3, 0x9a, 0xfe,
    0xd3, 0x4e, 0xff, 0x19, 0x4f, 0xff, 0x19, 0x4c, 0xff, 0xd1, 0xa2, 0xff,
    0x34, 0xd3, 0x7f, 0x86, 0xd0, 0x7f, 0xbc, 0xe9, 0x3f, 0x0f, 0xe9, 0x3f,
    0x7f, 0xa2, 0xff, 0x74, 0xd0, 0x7f, 0x6e, 0xd0, 0x7f, 0xa6, 0xd1, 0x7f,
    0xc6, 0xd1, 0x7f, 0xde, 0xd2, 0x7f, 0xb2, 0xe8, 0x3f, 0x1f, 0xe8, 0x3f,
    0x4b, 0xf8, 0xfe, 0x3b, 0x96, 0xef, 0x3f, 0x96, 0xf4, 0x9f, 0x16, 0xfa,
    0xcf, 0x7d, 0xfa, 0x8f, 0x03, 0xfd, 0xe7, 0x05, 0xbf, 0xff, 0x4c, 0x79,
    0xff, 0xab, 0xe9, 0x3f, 0x0b, 0xe9, 0x3f, 0x6f, 0xe9, 0x3f, 0xa1, 0xf4,
    0x1f, 0x37, 0xfa, 0x4f, 0x11, 0xfd, 0xc7, 0x99, 0xfe, 0xb3, 0x86, 0xfe,
    0xf3, 0x82, 0xdf, 0xff, 0x09, 0xf4, 0x9f, 0xaf, 0xe9, 0x3f, 0x05, 0xf4,
    0x9f, 0x93, 0xf4, 0x1f, 0x6b, 0xfa, 0x4f, 0x00, 0xfd, 0x67, 0x00, 0xfd,
    0xe7, 0x9f, 0xf4, 0x9f, 0x24, 0xfa, 0x8f, 0x05, 0xfd, 0xc7, 0x99, 0xfe,
    0xa3, 0x43, 0xff, 0xf9, 0x88, 0xfe, 0xa3, 0x45, 0xff, 0xa9, 0xa7, 0xff,
    0x14, 0xd2, 0x7f, 0xfe, 0x4d, 0xff, 0x19, 0x4e, 0xff, 0x49, 0xa7, 0xff,
    0x0c, 0xa4, 0xff, 0x6c, 0xa2, 0xff, 0xf4, 0xa5, 0xff, 0xac, 0xe2, 0xfb,
    0x7f, 0x05, 0xdf, 0xff, 0xa6, 0xd1, 0x7f, 0x7e, 0xa5, 0xff, 0x44, 0xd0,
    0x7f, 0x7e, 0xa0, 0xff, 0xd4, 0xd0, 0x7f, 0xe2, 0xf9, 0xfd, 0x5f, 0xcc,
    0xdf, 0xff, 0x02, 0xfa, 0x8f, 0x2f, 0xfd, 0xa7, 0x2b, 0xfd, 0x67, 0x3b,
    0xfd, 0xa7, 0x84, 0xfe, 0x63, 0x4b, 0xff, 0xf9, 0x9d, 0xfe, 0x33, 0x89,
    0xef, 0x3f, 0x99, 0xf4, 0x9f, 0x2f, 0xe9, 0x3f, 0x1f, 0xd3, 0x7f, 0x3e,
    0xd0, 0x7f, 0x3a, 0xe9, 0x3f, 0x3b, 0xe8, 0x3f, 0x41, 0xf4, 0x9f, 0x2f,
    0xe9, 0x3f, 0xe1, 0xf4, 0x9f, 0x8f, 0xe8, 0x3f, 0x7f, 0xa7, 0xff, 0xfc,
    0x42, 0xff, 0xd1, 0xa4, 0xff, 0xf8, 0xd0, 0x7f, 0xf2, 0xe8, 0x3f, 0x67,
    0xe8, 0x3f, 0xbe, 0xf4, 0x9f, 0xf3, 0xf4, 0x9f, 0x4a, 0xfa, 0xcf, 0x10,
    0xfa, 0x4f, 0x01, 0xfd, 0x27, 0x91, 0xfe, 0x73, 0x82, 0xfe, 0xb3, 0x98,
    0xfe, 0xe3, 0xc9, 0xf7, 0xdf, 0x30, 0xfa, 0xcf, 0x7c, 0xfa, 0x4f, 0x19,
    0xfd, 0xe7, 0x3a, 0xfd, 0x27, 0x89, 0xef, 0x3f, 0x06, 0xff, 0xd7, 0x7f,
    0x7e, 0xa0, 0xff, 0xbc, 0xa2, 0xff, 0xb4, 0xd1, 0x7f, 0x46, 0xd2, 0x7f,
    0x82, 0xe8, 0x3f, 0x0d, 0xf4, 0x9f, 0x5e, 0x7c, 0xff, 0x8b, 0xa0, 0xff,
    0x2c, 0xa5, 0xff, 0xac, 0xa2, 0xff, 0x7c, 0x4e, 0xff, 0x29, 0xa1, 0xff,
    0x3c, 0xa0, 0xff, 0x6c, 0xa3, 0xff, 0xf4, 0xa6, 0xff, 0x0c, 0xa4, 0xff,
    0x34, 0xd2, 0x7f, 0x22, 0xe9, 0x3f, 0x37, 0xe8, 0x3f, 0x46, 0xf4, 0x9f,
    0x4f, 0xe9, 0x3f, 0x87, 0xe8, 0x3f, 0xfe, 0xf4, 0x1f, 0x27, 0xfa, 0xcf,
    0x3a, 0xfa, 0x4f, 0x2b, 0xfd, 0x47, 0x9b, 0xfe, 0x13, 0x49, 0xff, 0x29,
    0xa3, 0xff, 0x74, 0xa1, 0xff, 0xdc, 0xa3, 0xff, 0xbc, 0xe4, 0xfb, 0xff,
    0x3a, 0xfa, 0x4f, 0x04, 0xfd, 0x27, 0x94, 0xfe, 0xb3, 0x97, 0xfe, 0x73,
    0x91, 0xef, 0x7f, 0x17, 0xd9, 0x7f, 0x1f, 0xd3, 0x7f, 0x32, 0xe9, 0x3f,
    0x23, 0xe8, 0x3f, 0x9f, 0xd2, 0x7f, 0xfc, 0xe9, 0x3f, 0x47, 0xe8, 0x3f,
    0xef, 0xe8, 0x3f, 0x36, 0xf4, 0x1f, 0x63, 0xbe, 0xff, 0x76, 0xd2, 0x7f,
    0xec, 0xe9, 0x3f, 0xc5, 0xf4, 0x9f, 0x81, 0xf4, 0x9f, 0x8f, 0xe9, 0x3f,
    0xcf, 0xe9, 0x3f, 0x83, 0xe8, 0x3f, 0xfa, 0xf4, 0x9f, 0x9b, 0xf4, 0x9f,
    0xe7, 0xf4, 0x9f, 0x53, 0xf4, 0x9f, 0x54, 0xfa, 0x8f, 0x27, 0xfd, 0x67,
    0x29, 0xfd, 0x27, 0x9b, 0xfe, 0xe3, 0x4d, 0xff, 0xf9, 0x83, 0xfe, 0xf3,
    0x86, 0xfe, 0xf3, 0x81, 0xfe, 0x33, 0x9b, 0xfe, 0x93, 0x4f, 0xff, 0xb1,
    0xa0, 0xff, 0x2c, 0xa7, 0xff, 0xf8, 0xd2, 0x7f, 0xfa, 0xd0, 0x7f, 0xee,
    0xd0, 0x7f, 0x8c, 0xe8, 0x3f, 0x0d, 0xf4, 0x9f, 0x7b, 0xf4, 0x9f, 0x5c,
    0xbe, 0xff, 0xea, 0xb2, 0xff, 0x9f, 0xd1, 0x7f, 0xb6, 0xd3, 0x7f, 0x46,
    0xd2, 0x7f, 0xb6, 0xd0, 0x7f, 0x76, 0xd3, 0x7f, 0xae, 0xd2, 0x7f, 0x0e,
    0xd3, 0x7f, 0x0a, 0xf8, 0xfe, 0x9f, 0x42, 0xff, 0xe9, 0x45, 0xff, 0x39,
    0x4d, 0xff, 0x39, 0x46, 0xff, 0x69, 0xa0, 0xff, 0xb4, 0xd2, 0x7f, 0x7e,
    0xa2, 0xff, 0xcc, 0xa2, 0xff, 0x5c, 0xa7, 0xff, 0xe4, 0xd0, 0x7f, 0x7a,
    0xd1, 0x7f, 0xe6, 0xd3, 0x7f, 0xda, 0xe9, 0x3f, 0x3f, 0xd0, 0x7f, 0xfe,
    0x44, 0xff, 0x59, 0x49, 0xff, 0x99, 0x42, 0xff, 0xa9, 0xa3, 0xff, 0xf4,
    0xa1, 0xff, 0x4c, 0xa3, 0xff, 0x7c, 0x41, 0xff, 0x99, 0x40, 0xff, 0x09,
    0xa5, 0xff, 0x6c, 0xa6, 0xff, 0x9c, 0xa4, 0xff, 0x94, 0xd2, 0x7f, 0xfe,
    0x4e, 0xff, 0xd9, 0x46, 0xff, 0xf9, 0x1b, 0xfd, 0xe7, 0x7f, 0xde, 0xff,
    0x37, 0xf3, 0xfb, 0x4f, 0xf3, 0xff, 0xfa, 0x8f, 0x3f, 0xfd, 0x67, 0x33,
    0xfd, 0xe7, 0x0e, 0xfd, 0x67, 0x2a, 0xfd, 0xc7, 0x80, 0xfe, 0x33, 0x86,
    0xfe, 0x33, 0x8a, 0xfe, 0x63, 0x4c, 0xff, 0xd9, 0x46, 0xff, 0x39, 0x4c,
    0xff, 0x09, 0xa5, 0xff, 0x68, 0xd2, 0x7f, 0x8a, 0xe9, 0x3f, 0x6f, 0xe9,
    0x3f, 0x36, 0xf4, 0x9f, 0xcb, 0xf4, 0x9f, 0x39, 0xf4, 0x9f, 0x1a, 0xfa,
    0xcf, 0x79, 0xfa, 0x8f, 0x2e, 0xfd, 0x67, 0x37, 0xfd, 0x27, 0x86, 0xfe,
    0xf3, 0x8c, 0xfe, 0xe3, 0x45, 0xff, 0x71, 0xa0, 0xff, 0x04, 0xd2, 0x7f,
    0xee, 0xd0, 0x7f, 0xee, 0xd0, 0x7f, 0x5c, 0xe9, 0x3f, 0x0f, 0xff, 0x7b,
    0xff, 0xff, 0x01, 0x7b, 0xa8, 0x46, 0x22,
};

// repeat_block=512 noise_every=7 level=6: 15360 -> 6811 bytes, ratio 2.25
static const uint8_t bench_blob_3[6811] = {
    0x78, 0x9c, 0x55, 0xda, 0xf9, 0x37, 0xd0, 0x69, 0x1f, 0x87, 0xf1, 0xd1,
    0x5e, 0x46, 0x45, 0x25, 0xed, 0x93, 0xb1, 0x84, 0x54, 0x08, 0x95, 0x32,
    0x44, 0x48, 0x9b, 0xd2, 0x9e, 0x94, 0x12, 0x93, 0x44, 0xab, 0xad, 0x65,
    0x44, 0x31, 0x34, 0x93, 0x16, 0x9a, 0xa6, 0x4c, 0x5a, 0x28, 0xa9, 0x08,
    0xa9, 0x68, 0x23, 0xa9, 0xc1, 0x84, 0x3c, 0x14, 0x95, 0xc2, 0x88, 0x2c,
    0x2d, 0xb4, 0x9b, 0xd4, 0x73, 0xce, 0xe7, 0xfa, 0xc9, 0xdf, 0x70, 0x9d,
    0xfb, 0xbe, 0xdf, 0xaf, 0xf3, 0xfd, 0xfa, 0xdb, 0x0e, 0x89, 0x6c, 0x0a,
    0x3b, 0x70, 0xd7, 0xfa, 0x5a, 0x59, 0x61, 0xfe, 0x44, 0x8d, 0x53, 0x3f,
    0x0f, 0x88, 0xaf, 0xcd, 0xd3, 0xa8, 0x36, 0x5b, 0x7d, 0xdd, 0x32, 0x6c,
    0xea, 0xa3, 0xa1, 0x4f, 0x66, 0x96, 0x99, 0x78, 0xde, 0x09, 0x9a, 0x3a,
    0x7d, 0x40, 0xb5, 0x6e, 0xcf, 0x33, 0xf6, 0xb3, 0xc6, 0x4f, 0x7d, 0x74,
    0x27, 0xd1, 0x77, 0xed, 0x95, 0x1b, 0xae, 0x9a, 0xb3, 0xe7, 0x06, 0x8c,
    0x1d, 0x51, 0x6e, 0x39, 0x43, 0xad, 0x87, 0xf1, 0xfa, 0x21, 0x7d, 0x5b,
    0x2c, 0x7d, 0x15, 0x1b, 0xf4, 0x4c, 0xd3, 0x2a, 0xfc, 0xce, 0x4c, 0xf8,
    0xb2, 0x48, 0x77, 0xef, 0x9a, 0x14, 0xeb, 0xbb, 0x2d, 0xb5, 0xf9, 0x8b,
    0x83, 0xb7, 0xa7, 0x29, 0xb7, 0x5c, 0xc8, 0x37, 0xe9, 0xee, 0x5d, 0xe6,
    0x6c, 0x97, 0xf3, 0xce, 0xb0, 0xec, 0x93, 0x9d, 0xfa, 0xb2, 0xcc, 0xa4,
    0x84, 0x52, 0x73, 0xe5, 0xa1, 0x2b, 0xec, 0xd5, 0x97, 0xcf, 0xb0, 0xea,
    0x9b, 0x99, 0x16, 0x1b, 0x9a, 0x1f, 0xd5, 0x2b, 0xe2, 0x68, 0x48, 0xf5,
    0xb7, 0xbf, 0xdb, 0xfc, 0xa2, 0x0d, 0x7a, 0xfc, 0x97, 0x19, 0x58, 0x74,
    0x2c, 0x76, 0x66, 0xf0, 0xe5, 0x1b, 0x8a, 0xa5, 0xff, 0x1b, 0x96, 0x68,
    0xb2, 0x25, 0xbc, 0x71, 0xb9, 0x7e, 0xd4, 0x4a, 0x93, 0xb4, 0xc2, 0x23,
    0xad, 0xf7, 0xa3, 0x5d, 0x0b, 0x97, 0xd7, 0x17, 0x44, 0x5d, 0x18, 0x54,
    0xa4, 0x68, 0xf9, 0x75, 0xe3, 0xdc, 0xfa, 0xe2, 0x8d, 0x96, 0x97, 0x67,
    0x9c, 0x6f, 0x7c, 0x5e, 0x95, 0x69, 0x1a, 0xf9, 0xe4, 0xaf, 0xf0, 0x72,
    0xdd, 0xd7, 0x6e, 0x53, 0x5d, 0xf3, 0x17, 0x2f, 0xb1, 0x35, 0x4b, 0x55,
    0xba, 0x9c, 0xd4, 0x79, 0x8b, 0xd6, 0x99, 0x39, 0x27, 0x6c, 0x1f, 0x69,
    0xf5, 0xf6, 0xac, 0x34, 0x2e, 0xef, 0xf4, 0x7d, 0x8d, 0x47, 0x90, 0x71,
    0xe8, 0xb2, 0xba, 0x88, 0x85, 0x66, 0xa3, 0x46, 0xdc, 0x8a, 0x5b, 0x51,
    0xd6, 0x5f, 0x41, 0x45, 0x6d, 0x69, 0x54, 0x73, 0xc0, 0xa5, 0x9d, 0xfd,
    0xef, 0xd6, 0x3e, 0x89, 0x78, 0x3f, 0x39, 0x6f, 0x41, 0x61, 0x43, 0xa7,
    0x52, 0x83, 0xbb, 0x6e, 0x77, 0x47, 0x5b, 0x9d, 0xf6, 0xa9, 0xca, 0x77,
    0x8c, 0xc8, 0xee, 0x52, 0xb7, 0x3c, 0xad, 0x78, 0xd0, 0xe0, 0xc8, 0x8e,
    0xbb, 0x34, 0xbd, 0x1e, 0xed, 0x4c, 0x9f, 0xb7, 0x28, 0xf4, 0x74, 0xde,
    0xb3, 0x18, 0xc5, 0x17, 0x47, 0x3c, 0xd6, 0x38, 0xcc, 0x9f, 0xba, 0xa0,
    0xac, 0xd3, 0x1b, 0xa3, 0x96, 0xd4, 0x02, 0xc3, 0xa7, 0xd6, 0xbe, 0x65,
    0x11, 0x23, 0x6e, 0xc4, 0x38, 0xcf, 0x6f, 0x2a, 0x79, 0xf7, 0xf0, 0x46,
    0x73, 0xfd, 0x5b, 0x9b, 0xbf, 0x0b, 0xdf, 0x5c, 0x1b, 0x78, 0x4d, 0xb9,
    0xee, 0xaa, 0xfd, 0xfe, 0xde, 0xee, 0xe6, 0x07, 0xb2, 0x86, 0x6f, 0x88,
    0x7e, 0xd6, 0x61, 0x6d, 0xc1, 0xef, 0xa5, 0x16, 0xf5, 0xd1, 0xeb, 0xef,
    0x75, 0x3c, 0xf0, 0xf8, 0xf0, 0xfd, 0x1d, 0x6a, 0xdd, 0x6a, 0x42, 0x8b,
    0x4b, 0x8f, 0x0d, 0x49, 0x9e, 0xa6, 0x3c, 0xc2, 0xf7, 0x94, 0x71, 0x56,
    0xb9, 0xd3, 0xea, 0x2c, 0x97, 0xe9, 0xd3, 0x7b, 0xed, 0xd2, 0x0b, 0xae,
    0xb3, 0xce, 0x1f, 0xb3, 0x39, 0xc4, 0x31, 0xfd, 0x4e, 0x73, 0x82, 0xe6,
    0x79, 0xc5, 0xa6, 0x9e, 0x9d, 0xe6, 0x94, 0xd5, 0x9b, 0x29, 0xee, 0xa8,
    0xa8, 0x34, 0xb8, 0x30, 0xae, 0x51, 0xfd, 0xb0, 0x5e, 0xf5, 0x3a, 0x3f,
    0x6d, 0xcf, 0xa5, 0xa6, 0x57, 0x07, 0x45, 0xcc, 0xb1, 0x3f, 0xe8, 0x51,
    0xd4, 0xeb, 0xbc, 0xfe, 0xef, 0xcd, 0x9a, 0x39, 0x61, 0x35, 0xfb, 0xb6,
    0x06, 0xd5, 0x0c, 0x98, 0x9c, 0xea, 0xb0, 0xbf, 0x24, 0x63, 0xc6, 0x4f,
    0x91, 0x13, 0x46, 0x57, 0x6a, 0x46, 0xcd, 0x48, 0x59, 0xe9, 0x93, 0xbf,
    0x35, 0x60, 0x45, 0xf0, 0xb6, 0x5c, 0xa5, 0xb1, 0x16, 0x01, 0x8f, 0x2f,
    0x2c, 0xab, 0x50, 0x2a, 0xee, 0xdb, 0x10, 0xbb, 0x5e, 0xfa, 0x87, 0xd3,
    0x7f, 0x70, 0x8e, 0xf4, 0xff, 0x33, 0x56, 0xfa, 0x9b, 0x58, 0x4a, 0xff,
    0xd2, 0x3e, 0xd2, 0x3f, 0x6a, 0x93, 0xf4, 0x4f, 0xf8, 0x41, 0xfa, 0xf7,
    0x5a, 0x24, 0xfd, 0x93, 0xab, 0xa4, 0xbf, 0xd7, 0x53, 0xe9, 0xaf, 0xdc,
    0x59, 0xfa, 0x4f, 0x57, 0x95, 0xfe, 0x8b, 0xe3, 0xa5, 0xff, 0xd7, 0x0c,
    0xe9, 0x1f, 0x98, 0x2a, 0xfd, 0xe7, 0x3b, 0x49, 0xff, 0x09, 0xb9, 0xd2,
    0xff, 0x8f, 0x40, 0xe9, 0xff, 0xe6, 0xa0, 0xf4, 0x6f, 0xf1, 0x97, 0xfe,
    0x9d, 0xdb, 0xa4, 0xbf, 0x77, 0xb2, 0xf4, 0x57, 0xdb, 0x24, 0xfd, 0xbb,
    0x14, 0x48, 0xff, 0x83, 0x7b, 0xa4, 0xbf, 0x63, 0x89, 0xf4, 0x3f, 0xb7,
    0x4b, 0xfa, 0x8f, 0xd4, 0x97, 0xfe, 0x21, 0xb6, 0xd2, 0xbf, 0x87, 0xa5,
    0xf4, 0x9f, 0x6f, 0x2b, 0xfd, 0x3f, 0x75, 0x90, 0xfe, 0xfb, 0xf4, 0xa4,
    0x7f, 0x78, 0x8c, 0xf4, 0xdf, 0xac, 0x24, 0xfd, 0xbb, 0x1b, 0x49, 0xff,
    0x84, 0x5a, 0xe9, 0x5f, 0xa1, 0x2f, 0xfd, 0x0f, 0x2d, 0x91, 0xfe, 0xc5,
    0xf4, 0x2f, 0xeb, 0x22, 0xfd, 0xef, 0xdf, 0x92, 0xfe, 0xe9, 0x6f, 0xa5,
    0xbf, 0x96, 0xad, 0xf4, 0x7f, 0x58, 0x27, 0xfd, 0x57, 0x44, 0x4a, 0xff,
    0x09, 0xe7, 0xa4, 0xff, 0xae, 0x5a, 0xe9, 0xef, 0xb5, 0x5e, 0xfa, 0xbf,
    0xc8, 0x90, 0xfe, 0xc7, 0xba, 0x49, 0x7f, 0x1d, 0x17, 0xe9, 0xbf, 0x2f,
    0x58, 0xfa, 0x2b, 0x6c, 0x90, 0xfe, 0xca, 0x41, 0xd2, 0xbf, 0x20, 0x4e,
    0xfa, 0x9b, 0xea, 0x4b, 0xff, 0x89, 0xc3, 0xa5, 0xff, 0x9e, 0x04, 0xe9,
    0x3f, 0x65, 0xac, 0xf4, 0xff, 0x1c, 0x23, 0xfd, 0xc3, 0x87, 0x48, 0xff,
    0xe6, 0x66, 0xe9, 0x7f, 0xd9, 0x56, 0xfa, 0xaf, 0xab, 0x96, 0xfe, 0xab,
    0xf4, 0xa4, 0xff, 0x29, 0x2b, 0xe9, 0x9f, 0x91, 0x22, 0xfd, 0xa7, 0xd9,
    0x4b, 0xff, 0xeb, 0xb9, 0xd2, 0x5f, 0x67, 0x81, 0xf4, 0xef, 0x17, 0x2e,
    0xfd, 0x0d, 0xe3, 0xa5, 0xff, 0x69, 0xce, 0xbf, 0xd5, 0x44, 0xe9, 0xef,
    0x98, 0x27, 0xfd, 0x9d, 0xc3, 0xa4, 0x7f, 0x8e, 0x89, 0xf4, 0xef, 0x54,
    0x2d, 0xfd, 0x7b, 0x4c, 0x95, 0xfe, 0xef, 0x6f, 0x48, 0xff, 0x8d, 0x23,
    0xa4, 0xff, 0x2f, 0xeb, 0xa5, 0xff, 0x8b, 0x06, 0xe9, 0xaf, 0x35, 0x41,
    0xfa, 0x5f, 0xb2, 0x96, 0xfe, 0x76, 0xdb, 0xa5, 0x7f, 0x70, 0x77, 0xe9,
    0xdf, 0xdd, 0x50, 0xfa, 0x3f, 0x4f, 0x92, 0xfe, 0x89, 0xf6, 0xd2, 0xbf,
    0x22, 0x4d, 0xfa, 0x8f, 0x3d, 0x2a, 0xfd, 0xfb, 0x45, 0x4b, 0xff, 0xf4,
    0x63, 0xd2, 0xff, 0x4a, 0xa9, 0xf4, 0x1f, 0xd2, 0x28, 0xfd, 0x6d, 0x0a,
    0xa5, 0x7f, 0xf5, 0x72, 0xe9, 0x1f, 0xa3, 0x28, 0xfd, 0x0d, 0x37, 0x4a,
    0xff, 0x59, 0x55, 0xd2, 0x3f, 0xaa, 0x5c, 0xfa, 0x27, 0x2f, 0x96, 0xfe,
    0x19, 0x49, 0xd2, 0x3f, 0xcc, 0x56, 0xfa, 0xbb, 0x97, 0x4b, 0xff, 0x91,
    0xa1, 0xd2, 0x7f, 0xf5, 0x08, 0xe9, 0x6f, 0xae, 0x22, 0xfd, 0xfb, 0xef,
    0x94, 0xfe, 0xd7, 0x27, 0x4b, 0xff, 0x3b, 0x9c, 0xff, 0x22, 0x1f, 0xe9,
    0x6f, 0x53, 0x27, 0xfd, 0xc3, 0x3b, 0x4a, 0xff, 0x49, 0xf3, 0xa4, 0xff,
    0x19, 0x45, 0xe9, 0xff, 0x61, 0xaa, 0xf4, 0xff, 0x2f, 0x55, 0xfa, 0x77,
    0x8c, 0x90, 0xfe, 0xb5, 0x25, 0xd2, 0xff, 0xb6, 0x8d, 0xf4, 0x9f, 0xae,
    0x2c, 0xfd, 0x13, 0xcd, 0xa5, 0xff, 0xad, 0x0e, 0xd2, 0xff, 0x79, 0xb4,
    0xf4, 0x2f, 0xb9, 0x2f, 0xfd, 0xf7, 0x96, 0x4a, 0xff, 0xdb, 0xbe, 0xd2,
    0xbf, 0x3a, 0x4b, 0xfa, 0xab, 0x04, 0x4b, 0xff, 0x87, 0x8e, 0xd2, 0x3f,
    0x5e, 0x51, 0xfa, 0xf7, 0x31, 0x93, 0xfe, 0x5b, 0xc7, 0x49, 0xff, 0x55,
    0x7e, 0xd2, 0xbf, 0x57, 0x84, 0xf4, 0xaf, 0x38, 0x2f, 0xfd, 0xbb, 0xd5,
    0x48, 0xff, 0x75, 0xa9, 0xd2, 0xbf, 0x36, 0x52, 0xfa, 0x9f, 0x4d, 0x91,
    0xfe, 0xbe, 0xc1, 0xd2, 0xbf, 0xfc, 0xb1, 0xf4, 0x3f, 0xd8, 0x20, 0xfd,
    0xcf, 0x73, 0xff, 0xbb, 0xe6, 0x4b, 0xff, 0x19, 0xb5, 0xd2, 0xff, 0x8d,
    0xa5, 0xf4, 0x77, 0x2c, 0x93, 0xfe, 0xbd, 0x07, 0x48, 0xff, 0xa1, 0xe3,
    0xa5, 0xff, 0x83, 0x2b, 0xd2, 0xff, 0xd7, 0xb1, 0xd2, 0xbf, 0xc1, 0x58,
    0xfa, 0x3f, 0x53, 0x94, 0xfe, 0x09, 0x67, 0xa4, 0x7f, 0x52, 0x8a, 0xf4,
    0xaf, 0x0a, 0x96, 0xfe, 0x59, 0x26, 0xd2, 0xdf, 0xef, 0x9d, 0xf4, 0x77,
    0xce, 0x94, 0xfe, 0x1e, 0x2b, 0xa4, 0xff, 0x85, 0x4c, 0xe9, 0xff, 0x6f,
    0x84, 0xf4, 0xaf, 0xf0, 0x93, 0xfe, 0x0e, 0x45, 0xd2, 0x5f, 0x5f, 0x51,
    0xfa, 0x17, 0x85, 0x4b, 0xff, 0xa5, 0x69, 0xd2, 0xff, 0xa7, 0x42, 0xe9,
    0xdf, 0x50, 0x24, 0xfd, 0x4b, 0x8a, 0xa5, 0xff, 0xa7, 0xe7, 0xd2, 0xbf,
    0x67, 0xb8, 0xf4, 0xd7, 0xce, 0x97, 0xfe, 0xce, 0x97, 0xa5, 0xbf, 0xe7,
    0x09, 0xe9, 0x5f, 0x64, 0x2c, 0xfd, 0x0b, 0x8d, 0xa5, 0x7f, 0xec, 0x28,
    0xe9, 0xff, 0x87, 0x82, 0xf4, 0xff, 0xf3, 0x92, 0xf4, 0x9f, 0xfd, 0x5e,
    0xfa, 0xcf, 0xe2, 0xfe, 0x4f, 0x39, 0x2d, 0xfd, 0x7b, 0x77, 0x91, 0xfe,
    0x16, 0x91, 0xd2, 0xff, 0x79, 0xba, 0xf4, 0x9f, 0x11, 0x23, 0xfd, 0xd3,
    0xe7, 0x4b, 0xff, 0x33, 0x2d, 0xd2, 0xbf, 0xb5, 0x4c, 0xfa, 0xf7, 0x6c,
    0x92, 0xfe, 0xdf, 0xde, 0x4a, 0xff, 0x71, 0xd7, 0xa4, 0xbf, 0xaa, 0xbb,
    0xf4, 0xd7, 0x79, 0x26, 0xfd, 0x3b, 0xd5, 0x4b, 0xff, 0xee, 0x87, 0xa5,
    0xff, 0xaa, 0x62, 0xe9, 0x1f, 0x33, 0x42, 0xfa, 0xeb, 0xac, 0x96, 0xfe,
    0xb3, 0xf4, 0xa4, 0xff, 0xf0, 0x10, 0xe9, 0x6f, 0x72, 0x5e, 0xfa, 0x3b,
    0xd5, 0x4b, 0xff, 0xd3, 0x17, 0xa4, 0x7f, 0xe6, 0x3a, 0xe9, 0x6f, 0x36,
    0x48, 0xfa, 0x6b, 0xf4, 0x92, 0xfe, 0x13, 0xc2, 0xa4, 0x7f, 0xc5, 0x64,
    0xe9, 0xdf, 0xfa, 0x93, 0xf4, 0xf7, 0x9a, 0x21, 0xfd, 0xa3, 0x56, 0x48,
    0xff, 0xba, 0x00, 0xe9, 0xdf, 0xda, 0x57, 0xfa, 0xf7, 0xe3, 0xfd, 0xb7,
    0x2b, 0x94, 0xfe, 0xbb, 0xe3, 0xa5, 0xff, 0xe7, 0xeb, 0xd2, 0xdf, 0x68,
    0xa6, 0xf4, 0xb7, 0x98, 0x2e, 0xfd, 0xab, 0x67, 0x49, 0xff, 0x84, 0xb5,
    0xd2, 0x5f, 0x37, 0x40, 0xfa, 0xd7, 0xf4, 0x90, 0xfe, 0x8b, 0x7d, 0xa5,
    0xbf, 0x81, 0x9f, 0xf4, 0x5f, 0xb7, 0x46, 0xfa, 0xb7, 0x2c, 0x96, 0xfe,
    0x6e, 0xf9, 0xd2, 0x7f, 0x71, 0x8e, 0xf4, 0x1f, 0xba, 0x4c, 0xfa, 0xab,
    0x0d, 0x95, 0xfe, 0xcf, 0xfb, 0x4a, 0xff, 0xbf, 0x7a, 0x49, 0xff, 0x71,
    0x6d, 0xd2, 0x7f, 0x4e, 0xa0, 0xf4, 0x77, 0xbc, 0x21, 0xfd, 0x8b, 0xb7,
    0x48, 0xff, 0x0c, 0x13, 0xe9, 0xdf, 0xc5, 0x55, 0xfa, 0xa7, 0x0c, 0x92,
    0xfe, 0x17, 0xeb, 0xa5, 0xbf, 0x7b, 0xa3, 0xf4, 0xaf, 0xfa, 0x4b, 0xfa,
    0x9b, 0xb8, 0x4a, 0x7f, 0x35, 0x25, 0xe9, 0x3f, 0x7b, 0x8e, 0xf4, 0xf7,
    0xae, 0x94, 0xfe, 0xa9, 0x41, 0xd2, 0xbf, 0xde, 0x4c, 0xfa, 0x6b, 0xf7,
    0x97, 0xfe, 0xdb, 0x02, 0xa4, 0xff, 0xdd, 0x08, 0xfa, 0xf3, 0xfe, 0x5b,
    0x5a, 0x49, 0xff, 0xd1, 0xd9, 0xd2, 0xff, 0xee, 0x60, 0xe9, 0xaf, 0xb7,
    0x53, 0xfa, 0xaf, 0x7d, 0x26, 0xfd, 0x2b, 0x1d, 0xa4, 0xbf, 0x87, 0x91,
    0xf4, 0xb7, 0xf3, 0x95, 0xfe, 0xbe, 0xf3, 0xa5, 0xff, 0xb5, 0x7a, 0xe9,
    0x3f, 0x6e, 0xa0, 0xf4, 0x5f, 0xd5, 0x5b, 0xfa, 0x07, 0x44, 0x4b, 0xff,
    0x61, 0x16, 0xd2, 0xff, 0xc2, 0x63, 0xe9, 0x5f, 0x1f, 0x2a, 0xfd, 0xeb,
    0x95, 0xa5, 0xff, 0x39, 0x27, 0xe9, 0x3f, 0x71, 0x97, 0xf4, 0x6f, 0xdb,
    0x2c, 0xfd, 0x9d, 0x34, 0xa5, 0xbf, 0x7e, 0x99, 0xf4, 0x2f, 0x35, 0x90,
    0xfe, 0xd9, 0xd5, 0xd2, 0x7f, 0xf0, 0x55, 0xe9, 0x3f, 0xaa, 0x48, 0xfa,
    0xfb, 0xe4, 0x48, 0xff, 0x05, 0x03, 0xa4, 0xff, 0xda, 0x19, 0xd2, 0x7f,
    0x61, 0x94, 0xf4, 0x9f, 0x1c, 0x20, 0xfd, 0x43, 0x2c, 0xa4, 0xff, 0xd1,
    0x62, 0xe9, 0xbf, 0x87, 0xfd, 0xb7, 0xa9, 0x4c, 0xfa, 0xcf, 0x1e, 0x20,
    0xfd, 0xef, 0xaf, 0x96, 0xfe, 0xb9, 0x4f, 0xa4, 0x7f, 0x8f, 0xa9, 0xd2,
    0xff, 0x07, 0x7b, 0xe9, 0xbf, 0xdb, 0x57, 0xfa, 0x5f, 0x9c, 0x2b, 0xfd,
    0x0d, 0xd4, 0xa4, 0xff, 0x1d, 0x4b, 0xe9, 0xdf, 0x5a, 0x21, 0xfd, 0xbb,
    0xee, 0x95, 0xfe, 0xde, 0xf9, 0xd2, 0x7f, 0xdc, 0x05, 0xe9, 0xdf, 0xc3,
    0x4e, 0xfa, 0xc7, 0xaa, 0x4b, 0xff, 0x03, 0xca, 0xd2, 0x5f, 0xc9, 0x4a,
    0xfa, 0x6b, 0x45, 0x49, 0xff, 0x0d, 0x7f, 0x4b, 0x7f, 0xa7, 0x4c, 0xe9,
    0x9f, 0x76, 0x59, 0xfa, 0x17, 0x98, 0x48, 0xff, 0xb6, 0x95, 0xd2, 0xbf,
    0x29, 0x5a, 0xfa, 0xfb, 0x5f, 0x90, 0xfe, 0x15, 0x73, 0xa5, 0x7f, 0xde,
    0x79, 0xe9, 0xdf, 0xf8, 0x44, 0xfa, 0x9b, 0x4c, 0x95, 0xfe, 0x87, 0x52,
    0xa5, 0xff, 0x96, 0x33, 0xd2, 0x3f, 0xc0, 0x53, 0xfa, 0x97, 0x7b, 0x48,
    0x7f, 0x9f, 0x85, 0xd2, 0x3f, 0xbe, 0x4c, 0xfa, 0x3f, 0x6d, 0x96, 0xfe,
    0x7f, 0x3e, 0x91, 0xfe, 0x29, 0xf4, 0xf7, 0x1d, 0x2d, 0xfd, 0xeb, 0x23,
    0xa4, 0xff, 0xc7, 0x41, 0xd2, 0x7f, 0xdf, 0x23, 0xe9, 0xaf, 0x90, 0x27,
    0xfd, 0xb5, 0xd7, 0x48, 0x7f, 0xdf, 0x37, 0xd2, 0x7f, 0xa3, 0xb5, 0xf4,
    0x77, 0x75, 0x96, 0xfe, 0x05, 0xcd, 0xd2, 0x7f, 0xf0, 0x35, 0xe9, 0x1f,
    0xbd, 0x5f, 0xfa, 0xc7, 0x6f, 0x90, 0xfe, 0x2b, 0x4b, 0xa5, 0x7f, 0xec,
    0x01, 0xe9, 0x9f, 0x59, 0x23, 0xfd, 0x1d, 0xa7, 0x49, 0xff, 0x91, 0xe5,
    0xd2, 0xff, 0xd7, 0x5e, 0xd2, 0xdf, 0x61, 0x8c, 0xf4, 0xcf, 0x4b, 0x90,
    0xfe, 0x8b, 0xe6, 0x48, 0xff, 0x94, 0x4a, 0xe9, 0x1f, 0xaa, 0x27, 0xfd,
    0xbd, 0x4c, 0xa5, 0x7f, 0xb3, 0x87, 0xf4, 0xff, 0xa2, 0x29, 0xfd, 0x8d,
    0x6a, 0xa4, 0xff, 0x86, 0x0c, 0xe9, 0xbf, 0x5d, 0x53, 0xfa, 0xaf, 0xdd,
    0x2a, 0xfd, 0xad, 0xc7, 0x4a, 0xff, 0xed, 0x4a, 0xd2, 0xdf, 0x97, 0xfd,
    0x6f, 0x28, 0xfb, 0x3f, 0x47, 0x55, 0xf6, 0x7f, 0x6c, 0x67, 0xd9, 0xff,
    0x96, 0x1b, 0x64, 0xff, 0xf7, 0x71, 0x96, 0xfd, 0xbf, 0x69, 0xbb, 0xec,
    0xff, 0x1f, 0xdc, 0x65, 0xff, 0x2f, 0xea, 0x22, 0xfb, 0xbf, 0xca, 0x45,
    0xf6, 0xff, 0xd3, 0x83, 0xb2, 0xff, 0x3b, 0xdf, 0x91, 0xfd, 0xaf, 0xba,
    0x43, 0xf6, 0x7f, 0xbc, 0xbd, 0xec, 0xff, 0x0c, 0x3b, 0xd9, 0xff, 0xa9,
    0xf1, 0xb2, 0xff, 0x9d, 0x66, 0xc9, 0xfe, 0xcf, 0xbd, 0x26, 0xfb, 0x3f,
    0xf0, 0x2f, 0xd9, 0xff, 0x07, 0x67, 0xcb, 0xfe, 0xf7, 0xd7, 0x94, 0xfd,
    0xdf, 0x96, 0x22, 0xfb, 0x3f, 0x39, 0x5b, 0xf6, 0xff, 0xa6, 0xa7, 0xb2,
    0xff, 0x0b, 0xde, 0xc8, 0xfe, 0xdf, 0xd3, 0x22, 0xfb, 0xbf, 0xa4, 0x52,
    0xf6, 0xff, 0xae, 0xe1, 0xb2, 0xff, 0xf5, 0x77, 0xc8, 0xfe, 0xb7, 0x9d,
    0x23, 0xfb, 0xdf, 0xf2, 0x4f, 0xd9, 0xff, 0xb6, 0x16, 0xb2, 0xff, 0x3b,
    0xbc, 0x97, 0xfd, 0xaf, 0x97, 0x28, 0xfb, 0x3f, 0xc6, 0x45, 0xf6, 0xbf,
    0xd2, 0xf7, 0xb2, 0xff, 0x8d, 0x9e, 0xcb, 0xfe, 0xaf, 0x8d, 0x95, 0xfd,
    0xaf, 0x1f, 0x24, 0xfb, 0x7f, 0x89, 0x3a, 0xe7, 0xdf, 0x51, 0xf6, 0x7f,
    0x17, 0x55, 0xd9, 0xff, 0xb7, 0x9a, 0x64, 0xff, 0xbf, 0xbd, 0x2d, 0xfb,
    0xdf, 0x76, 0x96, 0xec, 0xff, 0xba, 0xa5, 0xb2, 0xff, 0x23, 0x33, 0x65,
    0xff, 0x9f, 0xdb, 0x2c, 0xfb, 0xbf, 0xd6, 0x53, 0xf6, 0xff, 0xfa, 0x19,
    0xb2, 0xff, 0x33, 0xa2, 0x65, 0xff, 0x77, 0x9b, 0x2f, 0xfb, 0xdf, 0xa5,
    0x4e, 0xf6, 0x7f, 0xf0, 0x4b, 0xd9, 0xff, 0x1b, 0x62, 0x65, 0xff, 0x07,
    0x59, 0xc9, 0xfe, 0x8f, 0xdb, 0x2b, 0xfb, 0x5f, 0xff, 0xad, 0xec, 0xff,
    0xe1, 0xf3, 0x64, 0xff, 0x27, 0x9c, 0x97, 0xfd, 0x3f, 0x36, 0x50, 0xf6,
    0x7f, 0x4c, 0x07, 0xd9, 0xff, 0x43, 0xba, 0xcb, 0xfe, 0x6f, 0x36, 0x96,
    0xfd, 0x6f, 0xeb, 0x2f, 0xfb, 0xbf, 0xfa, 0x84, 0xec, 0x7f, 0x3d, 0x7b,
    0xd9, 0xff, 0x56, 0x3d, 0x65, 0xff, 0xa7, 0x0c, 0x92, 0xfd, 0x6f, 0xdf,
    0x51, 0xf6, 0x7f, 0xee, 0x43, 0xd9, 0xff, 0x0b, 0x7a, 0xc9, 0xfe, 0x0f,
    0xff, 0xa7, 0x82, 0xfe, 0xf8, 0xcf, 0x07, 0xff, 0x1d, 0xc1, 0x7f, 0xab,
    0xf0, 0xdf, 0x1f, 0xf8, 0xef, 0x17, 0xfc, 0x67, 0x80, 0xff, 0xfe, 0xc2,
    0x7f, 0x1b, 0xf1, 0x9f, 0x26, 0xfe, 0x2b, 0xc6, 0x7f, 0x26, 0xf8, 0x6f,
    0x08, 0xfe, 0x0b, 0xc6, 0x7f, 0xaa, 0xf8, 0xaf, 0x1e, 0xff, 0x99, 0xe2,
    0xbf, 0x35, 0xf8, 0x4f, 0x09, 0xff, 0xa9, 0xe0, 0x3f, 0x23, 0xfc, 0xf7,
    0x12, 0xff, 0x3d, 0xc0, 0x7f, 0x83, 0xf0, 0x9f, 0x1d, 0xfe, 0x3b, 0x83,
    0xff, 0x14, 0xf0, 0x5f, 0x02, 0xfe, 0x33, 0xc4, 0x7f, 0xa5, 0xf8, 0xef,
    0x14, 0xfe, 0x0b, 0xc7, 0x7f, 0xe7, 0xf0, 0x9f, 0x12, 0xfe, 0x9b, 0x8c,
    0xff, 0x16, 0xe3, 0xbf, 0x44, 0xfc, 0xf7, 0x14, 0xff, 0xcd, 0xc3, 0x7f,
    0x9f, 0xb8, 0xff, 0xdd, 0xf0, 0x5f, 0x6f, 0xfc, 0x77, 0x0d, 0xff, 0x9d,
    0xc5, 0x7f, 0x9f, 0xf0, 0xdf, 0x65, 0xfc, 0x57, 0x80, 0xff, 0xfa, 0xe0,
    0xbf, 0x0f, 0xf8, 0xef, 0x13, 0xfe, 0x1b, 0x8f, 0xff, 0x8a, 0xf0, 0xdf,
    0x51, 0xfc, 0x17, 0x8d, 0xff, 0x8e, 0xe0, 0xbf, 0xf7, 0xf8, 0xef, 0x01,
    0xfe, 0x9b, 0x8f, 0xff, 0x2a, 0xf1, 0x9f, 0x1e, 0xfe, 0x7b, 0x81, 0xff,
    0x4a, 0xf0, 0x9f, 0x33, 0xfe, 0x8b, 0xc3, 0x7f, 0x6d, 0xf8, 0xef, 0x57,
    0xfc, 0x97, 0x8c, 0xff, 0xee, 0xe2, 0xbf, 0x25, 0xf8, 0xcf, 0x08, 0xff,
    0x2d, 0xc4, 0x7f, 0x07, 0xf1, 0x9f, 0x33, 0xfe, 0x33, 0xa1, 0xff, 0xf7,
    0xf8, 0xef, 0x29, 0xfe, 0x1b, 0x87, 0xff, 0x0e, 0xe1, 0xbf, 0x1a, 0xfc,
    0xa7, 0x89, 0xff, 0x7e, 0xc6, 0x7f, 0x0f, 0xf0, 0x9f, 0x2e, 0xfe, 0x9b,
    0x83, 0xff, 0xfe, 0xc3, 0x7f, 0x5e, 0xf8, 0xef, 0x3f, 0xfc, 0x37, 0x04,
    0xff, 0x85, 0xe0, 0x3f, 0x5d, 0xfc, 0x77, 0x0c, 0xff, 0x99, 0xe0, 0xbf,
    0x67, 0xf8, 0x4f, 0x1f, 0xff, 0x25, 0xe1, 0x3f, 0x63, 0xfc, 0x77, 0x14,
    0xff, 0xdd, 0xc4, 0x7f, 0x55, 0xf8, 0xcf, 0x1a, 0xff, 0xcd, 0xc7, 0x7f,
    0x65, 0xf8, 0x2f, 0x05, 0xff, 0xed, 0xc1, 0x7f, 0x07, 0xf0, 0x9f, 0x17,
    0xfe, 0xbb, 0x8a, 0xff, 0xdc, 0xf0, 0xdf, 0x01, 0xfc, 0xb7, 0x1d, 0xff,
    0x15, 0xe2, 0xbf, 0x71, 0xf8, 0x2f, 0x87, 0xf7, 0xff, 0x09, 0xfe, 0x7b,
    0x88, 0xff, 0xc6, 0xe0, 0x3f, 0xf6, 0x7f, 0xfa, 0x55, 0xfc, 0xe7, 0x85,
    0xff, 0xce, 0xe1, 0xbf, 0x3d, 0xf8, 0xef, 0x0b, 0xfe, 0x33, 0xc3, 0x7f,
    0x2b, 0xf0, 0xdf, 0x3d, 0xfc, 0x67, 0x8a, 0xff, 0x54, 0xf0, 0xdf, 0x6c,
    0xfc, 0x97, 0x83, 0xff, 0xc2, 0xf1, 0x5f, 0x1e, 0xfe, 0x5b, 0x8d, 0xff,
    0x16, 0xe0, 0x3f, 0x0d, 0xfc, 0xf7, 0x04, 0xff, 0x7d, 0xc6, 0x7f, 0x93,
    0xf0, 0xdf, 0x5e, 0xfc, 0x97, 0x89, 0xff, 0x9e, 0xe0, 0xbf, 0x6c, 0xfc,
    0x77, 0x0b, 0xff, 0x75, 0xc3, 0x7f, 0x2b, 0xf1, 0xdf, 0x14, 0xfc, 0x57,
    0x8d, 0xff, 0xc6, 0x73, 0xfe, 0x15, 0xf0, 0x9f, 0x27, 0xfe, 0x7b, 0x82,
    0xff, 0x3c, 0xf1, 0x5f, 0x3a, 0xfe, 0xd3, 0xc6, 0x7f, 0xb1, 0xf8, 0xef,
    0x0c, 0xfe, 0xb3, 0xc3, 0x7f, 0x6b, 0xf0, 0x9f, 0x3d, 0xfe, 0xfb, 0x8a,
    0xff, 0x54, 0xf0, 0xdf, 0x59, 0xfc, 0x97, 0x85, 0xff, 0x56, 0xe2, 0xbf,
    0x7b, 0xf8, 0x4f, 0x15, 0xff, 0x79, 0xe3, 0xbf, 0x99, 0xf8, 0xef, 0x35,
    0xfe, 0x8b, 0xc4, 0x7f, 0x9b, 0xf0, 0x5f, 0x5f, 0xfc, 0x57, 0x86, 0xff,
    0xb6, 0xe3, 0xbf, 0x0c, 0xfc, 0xd7, 0x05, 0xff, 0xdd, 0xc4, 0x7f, 0xc3,
    0xf0, 0x5f, 0x16, 0xfe, 0xb3, 0xc5, 0x7f, 0xce, 0xf8, 0xef, 0x35, 0xfe,
    0xd3, 0xc6, 0x7f, 0xde, 0xf8, 0x6f, 0x29, 0xfe, 0x0b, 0xc3, 0x7f, 0xad,
    0xec, 0xbf, 0x2a, 0xfc, 0x17, 0x88, 0xff, 0xd6, 0xe3, 0xbf, 0x1b, 0xf4,
    0x6f, 0xc2, 0x7f, 0x11, 0xf8, 0xef, 0x57, 0xfc, 0x37, 0x09, 0xff, 0xc5,
    0xe2, 0xbf, 0xee, 0xf8, 0x6f, 0x1a, 0xfe, 0x53, 0xc6, 0x7f, 0xdb, 0xf1,
    0x5f, 0x28, 0xfe, 0x2b, 0xc4, 0x7f, 0x2d, 0xf8, 0x2f, 0x11, 0xff, 0x35,
    0xe3, 0xbf, 0x6d, 0xf8, 0x2f, 0x13, 0xff, 0x59, 0xe2, 0x3f, 0x57, 0xfc,
    0xf7, 0x3b, 0xfe, 0x9b, 0x85, 0xff, 0x3e, 0xe3, 0xbf, 0x67, 0xf8, 0xcf,
    0x1a, 0xff, 0x7d, 0xc0, 0x7f, 0x4d, 0xf8, 0xef, 0x02, 0xfe, 0x6b, 0xc2,
    0x7f, 0x0f, 0xf0, 0xdf, 0x63, 0xfc, 0x77, 0x9c, 0xfb, 0xff, 0x10, 0xfe,
    0x6b, 0xc4, 0x7f, 0x8e, 0xf8, 0xaf, 0x0a, 0xff, 0x45, 0xe2, 0xbf, 0x12,
    0xfc, 0x17, 0x82, 0xff, 0x2e, 0xe2, 0xbf, 0x44, 0xfc, 0xb7, 0x02, 0xff,
    0xd5, 0xe1, 0xbf, 0x47, 0xf8, 0x6f, 0x04, 0xfe, 0xab, 0xc6, 0x7f, 0xa1,
    0xf8, 0x2f, 0x0b, 0xff, 0xf9, 0xe1, 0x3f, 0x3d, 0xfc, 0x67, 0x88, 0xff,
    0x3c, 0xf0, 0xdf, 0x1d, 0xfc, 0xe7, 0x86, 0xff, 0xec, 0xf0, 0xdf, 0x20,
    0xfc, 0xa7, 0x8e, 0xff, 0x8e, 0xe1, 0xbf, 0xa5, 0xf8, 0x2f, 0x17, 0xff,
    0x85, 0xe1, 0x3f, 0x65, 0xfc, 0xb7, 0x17, 0xff, 0x59, 0xe3, 0xbf, 0x83,
    0xf8, 0x4f, 0x17, 0xff, 0x9d, 0xc3, 0x7f, 0x3f, 0xe0, 0xbf, 0x6e, 0xf8,
    0x6f, 0x39, 0xfe, 0xfb, 0x8e, 0xfd, 0xef, 0x8e, 0xff, 0x3e, 0xe2, 0xbf,
    0xab, 0xf8, 0xef, 0x2b, 0xe7, 0xff, 0x3b, 0xfc, 0x57, 0x8a, 0xff, 0x86,
    0xe0, 0xbf, 0x83, 0xf8, 0xef, 0x29, 0xfe, 0xd3, 0xc6, 0x7f, 0x8e, 0xf8,
    0xcf, 0x01, 0xff, 0xbd, 0xc0, 0x7f, 0x0a, 0xf8, 0xaf, 0x02, 0xff, 0x8d,
    0xc4, 0x7f, 0x67, 0xf1, 0x9f, 0x15, 0xfe, 0xdb, 0x86, 0xff, 0xc6, 0xe3,
    0xbf, 0x5b, 0xf8, 0xef, 0x20, 0xfe, 0x0b, 0xc2, 0x7f, 0x1f, 0xf1, 0x9f,
    0x02, 0xfe, 0xd3, 0xc0, 0x7f, 0xf7, 0xf1, 0x9f, 0x17, 0xfe, 0x73, 0xc5,
    0x7f, 0x03, 0xf0, 0xdf, 0x15, 0xfc, 0xa7, 0x88, 0xff, 0x32, 0xf0, 0xdf,
    0x53, 0xde, 0xff, 0x8d, 0xf8, 0x6f, 0x12, 0xfe, 0x53, 0xc6, 0x7f, 0xbd,
    0xf1, 0x5f, 0x00, 0xfe, 0x2b, 0xc1, 0x7f, 0x95, 0xf8, 0x6f, 0x32, 0xfe,
    0xdb, 0x8b, 0xff, 0xfa, 0xe2, 0xbf, 0x8f, 0xf8, 0xcf, 0x0f, 0xff, 0xfd,
    0x86, 0xff, 0xa2, 0xf1, 0x9f, 0x36, 0xfe, 0x73, 0xc6, 0x7f, 0xb5, 0xf8,
    0xef, 0x33, 0xfe, 0x4b, 0xc6, 0x7f, 0xd3, 0xf0, 0x9f, 0x02, 0xfe, 0xeb,
    0x8e, 0xff, 0xbc, 0xf1, 0x5f, 0x2b, 0xfe, 0x9b, 0x80, 0xff, 0x94, 0xf1,
    0xdf, 0x6d, 0xfc, 0xd7, 0x01, 0xff, 0xa5, 0xe1, 0xbf, 0xa3, 0xf8, 0x6f,
    0x0a, 0xfe, 0x1b, 0x84, 0xff, 0xaa, 0xf1, 0xdf, 0x60, 0xfc, 0xa7, 0x81,
    0xff, 0x7a, 0xe1, 0xbf, 0xfb, 0xf8, 0xcf, 0x14, 0xff, 0x2d, 0xc7, 0x7f,
    0x3b, 0xf0, 0x9f, 0x19, 0xfe, 0x7b, 0x8f, 0xff, 0x92, 0xb8, 0xff, 0x5d,
    0xf0, 0xdf, 0x74, 0xfc, 0xb7, 0x17, 0xff, 0x69, 0xe1, 0x3f, 0x3d, 0xfc,
    0x67, 0x80, 0xff, 0xfa, 0xe1, 0xbf, 0x44, 0xfc, 0x57, 0x8d, 0xff, 0xdc,
    0xf0, 0xdf, 0x75, 0xfc, 0xa7, 0x8d, 0xff, 0x8a, 0xf0, 0xdf, 0x75, 0xfc,
    0xd7, 0x13, 0xff, 0x2d, 0xc2, 0x7f, 0xad, 0xf8, 0x4f, 0x1f, 0xff, 0x25,
    0xe3, 0xbf, 0x18, 0xfc, 0xb7, 0x0a, 0xff, 0x2d, 0xc7, 0x7f, 0x2a, 0xf8,
    0x6f, 0x0e, 0xfe, 0xfb, 0x1e, 0xff, 0xb5, 0xe2, 0xbf, 0x0c, 0xfc, 0xf7,
    0x01, 0xff, 0x45, 0xe3, 0xbf, 0xb3, 0xec, 0x3f, 0x4f, 0xfc, 0xa7, 0x8d,
    0xff, 0xde, 0xe3, 0xbf, 0xb7, 0xf8, 0x4f, 0x01, 0xff, 0x59, 0xe2, 0x3f,
    0x17, 0xfc, 0x77, 0x05, 0xff, 0x75, 0xc4, 0x7f, 0xc5, 0xf8, 0x6f, 0x3f,
    0xfe, 0x0b, 0xc3, 0x7f, 0xdf, 0xe3, 0xbf, 0x2c, 0xfc, 0xe7, 0x8c, 0xff,
    0x2e, 0xe0, 0xbf, 0x0a, 0xfc, 0x67, 0x86, 0xff, 0xc6, 0xe3, 0xbf, 0x56,
    0xfc, 0x37, 0x09, 0xff, 0xb9, 0xe0, 0x3f, 0x1f, 0xfc, 0x37, 0x05, 0xff,
    0x1d, 0xc2, 0x7f, 0x29, 0xf8, 0x6f, 0x12, 0xfe, 0x2b, 0xc0, 0x7f, 0x8e,
    0xf8, 0x6f, 0x02, 0xfe, 0x9b, 0x86, 0xff, 0x4c, 0xf1, 0xdf, 0x1b, 0xfc,
    0xe7, 0x87, 0xff, 0xd6, 0xe2, 0xbf, 0x25, 0xf8, 0xaf, 0x16, 0xff, 0xf5,
    0xc6, 0x7f, 0x19, 0xf8, 0xaf, 0x18, 0xff, 0x99, 0xe3, 0x3f, 0x63, 0xfc,
    0x77, 0x80, 0xf7, 0xdf, 0x0a, 0xff, 0xbd, 0xc4, 0x7f, 0x25, 0xf8, 0x6f,
    0x09, 0xfe, 0xf3, 0xc4, 0x7f, 0xef, 0xf0, 0xdf, 0x0e, 0xfc, 0xf7, 0x11,
    0xff, 0xb5, 0xe0, 0xbf, 0x09, 0xf8, 0x4f, 0x1d, 0xff, 0x75, 0xc2, 0x7f,
    0x0d, 0xf8, 0x4f, 0x03, 0xff, 0x39, 0xe3, 0xbf, 0xc7, 0xf8, 0xef, 0x47,
    0xfc, 0xd7, 0x8a, 0xff, 0xb2, 0xf1, 0x9f, 0x0d, 0xfe, 0x1b, 0x8f, 0xff,
    0x3e, 0xe3, 0xbf, 0x0c, 0xfc, 0xf7, 0x0d, 0xff, 0x2d, 0xc1, 0x7f, 0xe3,
    0xf0, 0x9f, 0x1e, 0xfe, 0x6b, 0xc2, 0x7f, 0x0f, 0xf1, 0x9f, 0x19, 0xfb,
    0xff, 0x35, 0xfe, 0x1b, 0x82, 0xff, 0x3c, 0xf0, 0xdf, 0x42, 0xfc, 0xf7,
    0x19, 0xff, 0xed, 0xc0, 0x7f, 0xf6, 0xf8, 0xaf, 0x00, 0xff, 0x59, 0xe3,
    0xbf, 0x35, 0xf8, 0xef, 0x35, 0xfe, 0x8b, 0xc1, 0x7f, 0x5b, 0xf1, 0x5f,
    0x2e, 0xfe, 0x8b, 0xc3, 0x7f, 0x06, 0xf8, 0xcf, 0x13, 0xff, 0x0d, 0xc5,
    0x7f, 0xff, 0xc3, 0x7f, 0xf1, 0xf8, 0x4f, 0x17, 0xff, 0x59, 0xe3, 0xbf,
    0xee, 0xf8, 0xef, 0x3b, 0xfc, 0xd7, 0x09, 0xff, 0xd5, 0xe0, 0xbf, 0x7c,
    0xfc, 0xf7, 0x0a, 0xff, 0xe9, 0xe0, 0xbf, 0x64, 0xfc, 0x37, 0x0c, 0xff,
    0x6d, 0xc2, 0x7f, 0xfd, 0xf1, 0x9f, 0x3b, 0xfe, 0x2b, 0xc3, 0x7f, 0x36,
    0xf8, 0xef, 0x6f, 0xfc, 0x17, 0x8a, 0xff, 0x8e, 0xe3, 0xbf, 0x4a, 0xfc,
    0x17, 0x8d, 0xff, 0x0a, 0xf1, 0x5f, 0x2e, 0xfb, 0xcf, 0x15, 0xff, 0x75,
    0xc6, 0x7f, 0x5b, 0xf0, 0x5f, 0x11, 0xfe, 0x33, 0xc6, 0x7f, 0xef, 0xf0,
    0x9f, 0x39, 0xfe, 0x4b, 0xc3, 0x7f, 0x73, 0xf1, 0x5f, 0x57, 0xfc, 0xf7,
    0x0d, 0xff, 0xb5, 0xe1, 0xbf, 0x6d, 0xf8, 0xcf, 0x1b, 0xff, 0xcd, 0xc5,
    0x7f, 0xc1, 0xf8, 0xef, 0x3b, 0xfc, 0x77, 0x12, 0xff, 0xdd, 0xc4, 0x7f,
    0x1d, 0xf1, 0x9f, 0x0b, 0xfe, 0xbb, 0x83, 0xff, 0xce, 0xe2, 0x3f, 0x57,
    0xfc, 0x97, 0x84, 0xff, 0xca, 0xf1, 0x9f, 0x06, 0xfe, 0xcb, 0xc5, 0x7f,
    0xb1, 0xf8, 0xef, 0x18, 0xfe, 0x5b, 0x8c, 0xff, 0xe6, 0xe3, 0xbf, 0x20,
    0xfc, 0x37, 0x0f, 0xff, 0x95, 0xe0, 0xbf, 0x5b, 0xf8, 0x2f, 0x1e, 0xff,
    0xf5, 0x6e, 0xe7, 0xbf, 0xe3, 0xf8, 0xef, 0x03, 0xfe, 0x6b, 0xc6, 0x7f,
    0xa3, 0xf0, 0x9f, 0x37, 0xfe, 0xab, 0xc5, 0x7f, 0x7d, 0xf0, 0x5f, 0x28,
    0xfe, 0x73, 0xc2, 0x7f, 0xee, 0xf8, 0x6f, 0x0c, 0xfe, 0x2b, 0xc2, 0x7f,
    0x8f, 0xf0, 0x9f, 0x3f, 0xfe, 0xeb, 0x8b, 0xff, 0x86, 0xe1, 0xbf, 0x3a,
    0xfc, 0x17, 0x8e, 0xff, 0xb2, 0xf1, 0x9f, 0x0a, 0xfe, 0x1b, 0x88, 0xff,
    0xf6, 0xe3, 0xbf, 0xd5, 0xf8, 0xcf, 0x0a, 0xff, 0xad, 0xc3, 0x7f, 0x6f,
    0xf0, 0x5f, 0x17, 0xfc, 0x17, 0x8e, 0xff, 0x4a, 0xf0, 0x5f, 0x07, 0xfc,
    0xf7, 0x00, 0xff, 0xbd, 0xc7, 0x7f, 0xeb, 0xf0, 0x5f, 0x28, 0xfb, 0x7f,
    0x07, 0xfe, 0xfb, 0x15, 0xff, 0x5d, 0xc2, 0x7f, 0x97, 0xf0, 0x5f, 0x57,
    0xfc, 0x97, 0x86, 0xff, 0x46, 0xe2, 0xbf, 0x81, 0xf8, 0x6f, 0x35, 0xfe,
    0x3b, 0x8c, 0xff, 0xfe, 0xc3, 0x7f, 0x63, 0xf1, 0x9f, 0x1a, 0xfe, 0x6b,
    0xc3, 0x7f, 0xa6, 0xf8, 0xaf, 0x10, 0xff, 0x0d, 0xc3, 0x7f, 0x5d, 0xf1,
    0xdf, 0x4b, 0xfc, 0x37, 0x1c, 0xff, 0xf5, 0xc2, 0x7f, 0xb7, 0xf1, 0xdf,
    0x4b, 0xfc, 0x77, 0x0a, 0xff, 0x25, 0xe2, 0xbf, 0xf9, 0xf8, 0xcf, 0x09,
    0xff, 0x5d, 0xc3, 0x7f, 0xce, 0xf8, 0xef, 0x0b, 0xfe, 0xfb, 0x84, 0xff,
    0xbe, 0xe1, 0xbf, 0x59, 0xf8, 0xef, 0x2e, 0xfe, 0xd3, 0xc5, 0x7f, 0x2b,
    0xf0, 0x9f, 0x2b, 0xfe, 0x53, 0xc5, 0x7f, 0xf7, 0xf0, 0x9f, 0x0a, 0xfe,
    0xab, 0xc5, 0x7f, 0x0f, 0xf0, 0x5f, 0x16, 0xfe, 0x53, 0xc4, 0x7f, 0x8d,
    0xf8, 0x6f, 0x0b, 0xfe, 0x1b, 0x85, 0xff, 0x7c, 0xf0, 0xdf, 0x4e, 0xfc,
    0x77, 0x1d, 0xff, 0x1d, 0xc2, 0x7f, 0xb9, 0xf8, 0x2f, 0x01, 0xff, 0xf5,
    0xc1, 0x7f, 0xa7, 0xf1, 0xdf, 0x5f, 0xf8, 0xaf, 0x16, 0xff, 0xbd, 0xc1,
    0x7f, 0x17, 0xf1, 0xdf, 0x4c, 0xfc, 0x77, 0x0b, 0xff, 0x65, 0xe2, 0xbf,
    0x3e, 0xf8, 0x6f, 0x1e, 0xfe, 0x6b, 0xc1, 0x7f, 0xc7, 0xf1, 0xdf, 0x8f,
    0xf8, 0x6f, 0x15, 0xfe, 0x9b, 0x8c, 0xff, 0xaa, 0xf1, 0x9f, 0x2a, 0xfe,
    0xb3, 0xc1, 0x7f, 0x3f, 0xe1, 0xbf, 0x89, 0xf8, 0x6f, 0x07, 0xfe, 0xdb,
    0x8c, 0xff, 0xe2, 0xf0, 0x5f, 0x31, 0xfe, 0x3b, 0x89, 0xff, 0xfc, 0xf1,
    0xdf, 0x6f, 0xf8, 0xaf, 0x01, 0xff, 0x6d, 0xc6, 0x7f, 0x1d, 0xdb, 0xf9,
    0x6f, 0x35, 0xfe, 0xdb, 0x8c, 0xff, 0xee, 0xe1, 0xbf, 0x29, 0xf8, 0xaf,
    0x37, 0xfe, 0x33, 0xc2, 0x7f, 0xa3, 0xf1, 0x9f, 0x1a, 0xfe, 0xf3, 0xc7,
    0x7f, 0x87, 0xf0, 0xdf, 0x0e, 0xfc, 0xd7, 0x11, 0xff, 0x15, 0xe2, 0xbf,
    0xcf, 0xf8, 0x6f, 0x2c, 0xfe, 0x4b, 0xc7, 0x7f, 0x0e, 0xf8, 0xaf, 0x12,
    0xff, 0x25, 0xe1, 0x3f, 0x45, 0xfc, 0xb7, 0x13, 0xff, 0x45, 0xe2, 0xbf,
    0x46, 0xfc, 0xb7, 0x14, 0xff, 0x99, 0xe1, 0x3f, 0x2f, 0xfc, 0x77, 0x0f,
    0xff, 0xdd, 0xc3, 0x7f, 0x76, 0xf8, 0xef, 0x31, 0xfe, 0xb3, 0xc1, 0x7f,
    0x43, 0xf0, 0xdf, 0x57, 0xfc, 0x37, 0x06, 0xff, 0xe9, 0xe3, 0x3f, 0x57,
    0xfc, 0xe7, 0x85, 0xff, 0x0c, 0xf0, 0xdf, 0x43, 0xfc, 0xe7, 0x8f, 0xff,
    0x96, 0xe1, 0xbf, 0x65, 0xf8, 0x6f, 0x2b, 0xfe, 0x1b, 0x88, 0xff, 0x7a,
    0xe0, 0xbf, 0xce, 0xf8, 0x6f, 0x2a, 0xfe, 0xab, 0xc4, 0x7f, 0x87, 0xf1,
    0x9f, 0x02, 0xfe, 0xb3, 0xc6, 0x7f, 0xff, 0xe2, 0x3f, 0x37, 0xfc, 0xe7,
    0x88, 0xff, 0x6a, 0xf0, 0x9f, 0x3e, 0xfe, 0x6b, 0xc2, 0x7f, 0xee, 0xf8,
    0xcf, 0x13, 0xff, 0x3d, 0xc3, 0x7f, 0xbf, 0xe3, 0x3f, 0x75, 0xfc, 0xa7,
    0x88, 0xff, 0x34, 0xf1, 0x9f, 0x22, 0xfe, 0x4b, 0xc4, 0x7f, 0x69, 0xf8,
    0xef, 0x31, 0xfe, 0xbb, 0x85, 0xff, 0xba, 0xe0, 0xbf, 0x9b, 0xf8, 0xef,
    0x0b, 0xfe, 0x3b, 0x83, 0xff, 0x2c, 0xf0, 0xdf, 0x24, 0xfc, 0x57, 0x88,
    0xff, 0xba, 0xe1, 0xbf, 0xa3, 0xf8, 0x6f, 0x30, 0xfe, 0x2b, 0xc2, 0x7f,
    0x1f, 0xf1, 0x9f, 0x23, 0xfe, 0xfb, 0x8a, 0xff, 0x96, 0xe1, 0xbf, 0xc3,
    0xf8, 0xaf, 0x1f, 0xfe, 0x2b, 0xc3, 0x7f, 0xba, 0xf8, 0x6f, 0x28, 0xfe,
    0x73, 0xc3, 0x7f, 0x33, 0xf0, 0x9f, 0x13, 0xfe, 0xdb, 0x80, 0xff, 0x4e,
    0xe0, 0xbf, 0x5c, 0xfc, 0x17, 0x84, 0xff, 0xee, 0xe0, 0xbf, 0x5c, 0xfc,
    0xe7, 0x8c, 0xff, 0x26, 0xe3, 0xbf, 0xdb, 0xf8, 0x8f, 0xfd, 0x6f, 0xe9,
    0x8c, 0xff, 0x32, 0xf0, 0xdf, 0x3e, 0xfc, 0xd7, 0x17, 0xff, 0x5d, 0xc7,
    0x7f, 0xe9, 0xf8, 0x2f, 0x08, 0xff, 0x0d, 0xc6, 0x7f, 0x3f, 0xe2, 0xbf,
    0x63, 0xf8, 0xef, 0x28, 0xfe, 0x3b, 0x87, 0xff, 0x4a, 0xf0, 0x9f, 0x2a,
    0xfe, 0x2b, 0xc3, 0x7f, 0x86, 0xf8, 0xcf, 0x02, 0xff, 0x79, 0xe3, 0xbf,
    0xee, 0xf8, 0xcf, 0x1a, 0xff, 0xad, 0xc6, 0x7f, 0x8f, 0xf0, 0x5f, 0x12,
    0xfe, 0xbb, 0x88, 0xff, 0x3e, 0xe3, 0xbf, 0xe9, 0xf8, 0xef, 0x67, 0xfc,
    0xb7, 0x10, 0xff, 0x0d, 0xc3, 0x7f, 0x63, 0xf0, 0xdf, 0x48, 0xfc, 0x77,
    0x10, 0xff, 0xe9, 0xe3, 0xbf, 0xfc, 0x76, 0xdf, 0xff, 0x92, 0xf1, 0xdf,
    0x5b, 0xfc, 0xb7, 0x1e, 0xff, 0x8d, 0xc1, 0x7f, 0x0f, 0xf1, 0x5f, 0x39,
    0xfe, 0xf3, 0xc0, 0x7f, 0xb9, 0xf8, 0xaf, 0x16, 0xff, 0xdd, 0xc0, 0x7f,
    0xc7, 0xf1, 0x5f, 0x19, 0xfe, 0xeb, 0x80, 0xff, 0x22, 0xf1, 0x9f, 0x0a,
    0xfe, 0x7b, 0x8e, 0xff, 0xd8, 0xff, 0x95, 0x57, 0xf0, 0x5f, 0x33, 0xfe,
    0xfb, 0x82, 0xff, 0x92, 0xf0, 0x9f, 0x0a, 0xfe, 0x3b, 0x82, 0xff, 0x74,
    0xf0, 0x9f, 0x11, 0xfe, 0x6b, 0xc6, 0x7f, 0xe6, 0xf8, 0x2f, 0x05, 0xff,
    0x29, 0xe0, 0xbf, 0x93, 0xf8, 0xcf, 0x16, 0xff, 0xf5, 0xc7, 0x7f, 0xcd,
    0xf8, 0xef, 0x21, 0xfe, 0xdb, 0x83, 0xff, 0xf2, 0xf0, 0x9f, 0x36, 0xfe,
    0x4b, 0xa5, 0xbf, 0x35, 0xfe, 0x4b, 0xc4, 0x7f, 0x65, 0xf8, 0x2f, 0x0d,
    0xff, 0x1d, 0xc2, 0x7f, 0x73, 0xf0, 0x5f, 0x05, 0xfe, 0x9b, 0x86, 0xff,
    0x46, 0xe2, 0xbf, 0x06, 0xfc, 0xd7, 0x8a, 0xff, 0xc6, 0xe0, 0x3f, 0x33,
    0xfc, 0xa7, 0x8c, 0xff, 0x1a, 0xf1, 0xdf, 0x6f, 0xf8, 0x2f, 0x04, 0xff,
    0x59, 0xe2, 0x3f, 0x43, 0xfc, 0x97, 0x8f, 0xff, 0x3a, 0xe2, 0xbf, 0x9e,
    0xf8, 0xef, 0x24, 0xfe, 0x1b, 0x8f, 0xff, 0xa6, 0xe0, 0x3f, 0x4d, 0xfc,
    0x77, 0x16, 0xff, 0xad, 0xc0, 0x7f, 0x09, 0xf8, 0xaf, 0x1b, 0xfe, 0x5b,
    0x85, 0xff, 0x46, 0xe2, 0x3f, 0x1b, 0xfc, 0x17, 0x8a, 0xff, 0x96, 0xe0,
    0xbf, 0x0b, 0xf8, 0x6f, 0x3f, 0xfe, 0x6b, 0xc3, 0x7f, 0x83, 0xf1, 0x5f,
    0x05, 0xfe, 0x2b, 0xc1, 0x7f, 0x0e, 0xf8, 0x2f, 0x08, 0xff, 0xe5, 0xe3,
    0xbf, 0x99, 0xf8, 0xef, 0x14, 0xfe, 0xcb, 0xc4, 0x7f, 0x95, 0xf8, 0x4f,
    0x0b, 0xff, 0xd5, 0xe1, 0xbf, 0x51, 0xf8, 0x2f, 0x8e, 0xfe, 0x6a, 0xf8,
    0xef, 0x23, 0xfe, 0x2b, 0xc1, 0x7f, 0x6e, 0xf8, 0xef, 0x29, 0xfe, 0x4b,
    0xc6, 0x7f, 0x57, 0xf0, 0xdf, 0x6e, 0xfc, 0xb7, 0x18, 0xff, 0x9d, 0xc0,
    0x7f, 0x75, 0xf8, 0x2f, 0x1d, 0xff, 0x85, 0xe1, 0xbf, 0x70, 0xfc, 0x37,
    0x05, 0xff, 0xc5, 0xe3, 0xbf, 0x11, 0xf8, 0xef, 0x00, 0xfe, 0x53, 0xc5,
    0x7f, 0xd9, 0xf8, 0x4f, 0x83, 0xf3, 0x3f, 0x0b, 0xff, 0xd9, 0xe1, 0xbf,
    0x1d, 0xf8, 0x2f, 0x1b, 0xff, 0x6d, 0xc4, 0x7f, 0x21, 0xf8, 0x2f, 0xa4,
    0xdd, 0xf7, 0xbf, 0x79, 0xf8, 0xaf, 0x0d, 0xff, 0xf9, 0xe1, 0xbf, 0x7e,
    0xf8, 0x4f, 0x1b, 0xff, 0x35, 0xe1, 0xbf, 0x13, 0xf8, 0x4f, 0x07, 0xff,
    0x35, 0xe3, 0xbf, 0x57, 0xf8, 0x6f, 0x1a, 0xfe, 0x1b, 0x8f, 0xff, 0x1c,
    0xf0, 0x5f, 0x57, 0xfc, 0x57, 0x82, 0xff, 0x34, 0xf1, 0xdf, 0x1b, 0xfc,
    0xb7, 0x0e, 0xff, 0x45, 0xe2, 0xbf, 0x16, 0xfc, 0x97, 0x87, 0xff, 0xd4,
    0xf1, 0xdf, 0x26, 0xfc, 0x67, 0x88, 0xff, 0x86, 0xe2, 0x3f, 0x4d, 0xfc,
    0x37, 0x15, 0xff, 0x19, 0xe0, 0xbf, 0x31, 0xf8, 0xef, 0x60, 0x3b, 0xff,
    0xd5, 0xe0, 0xbf, 0x5b, 0xf8, 0xcf, 0x1f, 0xff, 0x4d, 0xc4, 0x7f, 0xfb,
    0xf1, 0xdf, 0x5c, 0xfc, 0x67, 0x8d, 0xff, 0xdc, 0xf0, 0x9f, 0x05, 0xfe,
    0x1b, 0x8a, 0xff, 0xb4, 0xf1, 0xdf, 0x61, 0xfc, 0x57, 0xc1, 0xf9, 0xcf,
    0xc3, 0x7f, 0x83, 0xf1, 0xdf, 0x7b, 0xfc, 0x67, 0x88, 0xff, 0xd8, 0xff,
    0x5b, 0x53, 0xf1, 0xdf, 0x5a, 0xfc, 0xf7, 0x2b, 0xfe, 0x73, 0xc2, 0x7f,
    0x47, 0xf0, 0xdf, 0xcf, 0xf8, 0x4f, 0x15, 0xff, 0x7d, 0xc4, 0x7f, 0xaf,
    0xf1, 0xdf, 0x60, 0xfc, 0x67, 0x80, 0xff, 0x22, 0xf1, 0x9f, 0x0d, 0xfe,
    0x8b, 0xc3, 0x7f, 0x86, 0xf8, 0xcf, 0x8d, 0xfb, 0xdf, 0x1f, 0xff, 0xd5,
    0xe1, 0x3f, 0x2d, 0xfc, 0x37, 0x0e, 0xff, 0x19, 0xe2, 0x3f, 0x1d, 0xfc,
    0x37, 0x1e, 0xff, 0xad, 0xc3, 0x7f, 0xe3, 0xf1, 0x9f, 0x17, 0xfe, 0x7b,
    0x86, 0xff, 0xee, 0xe2, 0xbf, 0xed, 0xf8, 0xef, 0x00, 0xfe, 0xfb, 0x1b,
    0xff, 0xdd, 0xc1, 0x7f, 0xb5, 0xf8, 0x4f, 0xb7, 0xdd, 0xf7, 0xbf, 0x6f,
    0xf8, 0xef, 0x01, 0xfe, 0x53, 0xc3, 0x7f, 0x0d, 0xf8, 0x4f, 0x19, 0xff,
    0x05, 0xe2, 0xbf, 0x66, 0xfc, 0xb7, 0x04, 0xff, 0x2d, 0xc2, 0x7f, 0x6f,
    0xf0, 0x5f, 0x4f, 0xfc, 0x17, 0x85, 0xff, 0xfc, 0xf0, 0x5f, 0x29, 0xfe,
    0xdb, 0x84, 0xff, 0x3c, 0xf0, 0x5f, 0x18, 0xfe, 0xeb, 0x8d, 0xff, 0x5c,
    0xf1, 0xdf, 0x48, 0xfc, 0x37, 0x0c, 0xff, 0x7d, 0xc5, 0x7f, 0x59, 0xf8,
    0xef, 0x21, 0xfe, 0x53, 0xc0, 0x7f, 0x21, 0xf8, 0x4f, 0x0b, 0xff, 0x7d,
    0xc5, 0x7f, 0x71, 0xf8, 0xaf, 0x0a, 0xff, 0x65, 0xe3, 0x3f, 0x1f, 0xfc,
    0xb7, 0x96, 0xfb, 0x7f, 0x24, 0xfe, 0xfb, 0x82, 0xff, 0x6e, 0xe3, 0xbf,
    0x93, 0xf8, 0x2f, 0x89, 0xfe, 0x99, 0xf8, 0xcf, 0x16, 0xff, 0x99, 0xe0,
    0xbf, 0x46, 0xfc, 0x77, 0x06, 0xff, 0x69, 0xe0, 0x3f, 0x43, 0xfc, 0xe7,
    0x86, 0xff, 0xca, 0xf0, 0xdf, 0x07, 0xfc, 0xa7, 0x80, 0xff, 0x8c, 0xf1,
    0xdf, 0x1e, 0xfc, 0x67, 0x84, 0xff, 0x56, 0xe2, 0xbf, 0x99, 0xbc, 0xff,
    0xbb, 0xf1, 0x9f, 0x53, 0x3b, 0xff, 0xed, 0xc6, 0x7f, 0xda, 0xf8, 0xaf,
    0x09, 0xff, 0xdd, 0xc5, 0x7f, 0xdb, 0xf0, 0x9f, 0x01, 0xfe, 0xfb, 0x8a,
    0xff, 0x9c, 0xf0, 0xdf, 0x07, 0xfc, 0xb7, 0x1b, 0xff, 0x5d, 0xc3, 0x7f,
    0x75, 0xf8, 0x6f, 0x1e, 0xfe, 0x0b, 0xc2, 0x7f, 0xbf, 0xe1, 0xbf, 0x6a,
    0xfc, 0x17, 0x81, 0xff, 0x5e, 0xe1, 0xbf, 0xcf, 0xf8, 0x2f, 0x0f, 0xff,
    0x75, 0xc0, 0x7f, 0x3d, 0xf1, 0x9f, 0x0b, 0xfe, 0x9b, 0x8f, 0xff, 0x5a,
    0xf1, 0xdf, 0x0f, 0xf8, 0xcf, 0x15, 0xff, 0x6d, 0xc2, 0x7f, 0xdf, 0xf0,
    0x5f, 0x36, 0xfe, 0xeb, 0x8a, 0xff, 0xba, 0xe1, 0xbf, 0x1a, 0xfc, 0xa7,
    0x84, 0xff, 0xd8, 0xff, 0x11, 0xae, 0xf8, 0x6f, 0x1f, 0xfe, 0xf3, 0xc4,
    0x7f, 0x29, 0xf8, 0x6f, 0x17, 0xfe, 0xdb, 0x8d, 0xff, 0x26, 0xe1, 0xbf,
    0x26, 0xfc, 0xd7, 0x07, 0xff, 0xd9, 0xe1, 0xbf, 0x51, 0xf8, 0x2f, 0x1b,
    0xff, 0xf5, 0xc7, 0x7f, 0xc6, 0xbc, 0xff, 0x73, 0xf1, 0x9f, 0x0e, 0xfe,
    0x0b, 0xc0, 0x7f, 0xc1, 0xf8, 0x4f, 0x91, 0xf3, 0x6f, 0x8d, 0xff, 0x2c,
    0xf1, 0x5f, 0x1a, 0xfe, 0xdb, 0x87, 0xff, 0x1e, 0xe2, 0x3f, 0xf6, 0x7f,
    0x43, 0x23, 0xfe, 0x73, 0xc1, 0x7f, 0xeb, 0xf0, 0xdf, 0x14, 0xfc, 0xd7,
    0x88, 0xff, 0x66, 0xe3, 0xbf, 0xb9, 0xf8, 0x2f, 0x15, 0xff, 0xbd, 0xc3,
    0x7f, 0x6b, 0xd8, 0x7f, 0xba, 0xf8, 0xef, 0x38, 0xfe, 0xb3, 0xc2, 0x7f,
    0xbb, 0xf1, 0x9f, 0x07, 0xfe, 0x5b, 0x8e, 0xff, 0x56, 0xe0, 0xbf, 0xeb,
    0xf8, 0x2f, 0x18, 0xff, 0xed, 0xc6, 0x7f, 0x46, 0xf8, 0xcf, 0x11, 0xff,
    0x15, 0xe2, 0x3f, 0x3f, 0xfc, 0x97, 0x89, 0xff, 0x72, 0xf1, 0x9f, 0x29,
    0xfe, 0x0b, 0xc0, 0x7f, 0x99, 0xf8, 0x6f, 0x31, 0xfe, 0x3b, 0x85, 0xff,
    0x2a, 0xf0, 0xdf, 0x0b, 0xfc, 0xe7, 0x8c, 0xff, 0x46, 0xe3, 0xbf, 0x18,
    0xfc, 0xf7, 0x09, 0xff, 0x79, 0xe0, 0xbf, 0x36, 0xfc, 0xf7, 0x0a, 0xff,
    0x05, 0xe2, 0x3f, 0x2d, 0xfc, 0xf7, 0x15, 0xff, 0xb9, 0xe1, 0x3f, 0x1f,
    0xfc, 0xd7, 0x84, 0xff, 0x66, 0xe2, 0xbf, 0xae, 0xf4, 0xf7, 0xc7, 0x7f,
    0x5a, 0xf8, 0x6f, 0x15, 0xfe, 0xfb, 0x84, 0xff, 0xfe, 0xc5, 0x7f, 0xae,
    0xed, 0xfe, 0xff, 0x6c, 0xc3, 0x7f, 0xfb, 0xf0, 0x9f, 0x05, 0xfe, 0x2b,
    0xc6, 0x7f, 0xe9, 0xf8, 0x6f, 0x03, 0xfe, 0x6b, 0x61, 0xff, 0xd5, 0xe1,
    0xbf, 0x38, 0xfc, 0x57, 0x84, 0xff, 0x52, 0xf0, 0xdf, 0x63, 0xee, 0xff,
    0x7f, 0xf0, 0x9f, 0x0b, 0xfe, 0xbb, 0x8f, 0xff, 0x6e, 0xe0, 0xbf, 0xe9,
    0xf8, 0x4f, 0x89, 0xfe, 0x51, 0xf8, 0x2f, 0x07, 0xff, 0xfd, 0x8e, 0xff,
    0xb6, 0xe1, 0xbf, 0x72, 0xfc, 0x97, 0x82, 0xff, 0xcc, 0xf1, 0xdf, 0xcf,
    0xf8, 0xcf, 0x05, 0xff, 0x29, 0xb0, 0xff, 0xfb, 0xe2, 0xbf, 0xe8, 0x76,
    0xdf, 0xff, 0xca, 0xf0, 0xdf, 0x64, 0xfc, 0x57, 0x80, 0xff, 0xdc, 0xf1,
    0xdf, 0x39, 0xfc, 0x77, 0x09, 0xff, 0xfd, 0x88, 0xff, 0xee, 0xe3, 0xbf,
    0x54, 0xfc, 0x37, 0x10, 0xff, 0x05, 0xe0, 0x3f, 0x47, 0xfc, 0xa7, 0x84,
    0xff, 0x76, 0xe1, 0xbf, 0x40, 0xfc, 0xd7, 0x86, 0xff, 0x92, 0xf1, 0x5f,
    0x67, 0xfc, 0xb7, 0x1e, 0xff, 0xa5, 0xe0, 0x3f, 0x35, 0xfc, 0x57, 0x80,
    0xff, 0x12, 0xf1, 0x5f, 0x2e, 0xfe, 0x3b, 0x87, 0xff, 0xcc, 0xf1, 0x5f,
    0x27, 0xfc, 0xe7, 0x8e, 0xff, 0x5e, 0xe3, 0xbf, 0x43, 0xf8, 0xef, 0x12,
    0xfe, 0x3b, 0x8c, 0xff, 0xd6, 0xe0, 0xbf, 0x6d, 0xf8, 0xcf, 0x81, 0xf3,
    0x6f, 0x82, 0xff, 0x9c, 0xf1, 0x9f, 0x0e, 0xfe, 0xd3, 0xc3, 0x7f, 0xeb,
    0xf0, 0xdf, 0x70, 0xfc, 0xb7, 0x11, 0xff, 0xdd, 0xc4, 0x7f, 0x13, 0xf1,
    0x9f, 0x13, 0xfe, 0x0b, 0xc6, 0x7f, 0x67, 0xf1, 0x9f, 0x1b, 0xfe, 0x6b,
    0x64, 0xff, 0x3b, 0xe0, 0xbf, 0x10, 0xfc, 0xb7, 0x01, 0xff, 0x45, 0xe0,
    0xbf, 0x2a, 0xde, 0xff, 0x95, 0xf8, 0xcf, 0x18, 0xff, 0xcd, 0xc3, 0x7f,
    0x3f, 0xe1, 0x3f, 0x2d, 0xfc, 0x37, 0x86, 0xf3, 0x7f, 0x07, 0xff, 0x4d,
    0xc4, 0x7f, 0xe1, 0xf8, 0x2f, 0x09, 0xff, 0x95, 0xe0, 0xbf, 0x3a, 0xfc,
    0xf7, 0x12, 0xff, 0x9d, 0xc2, 0x7f, 0xbf, 0xe0, 0xbf, 0x3c, 0xfc, 0x57,
    0x8d, 0xff, 0x6c, 0xf0, 0x9f, 0x3d, 0xfe, 0x6b, 0xc0, 0x7f, 0x9b, 0xf1,
    0xdf, 0x0a, 0xfc, 0xe7, 0x82, 0xff, 0xb6, 0xe2, 0xbf, 0x89, 0xf8, 0x6f,
    0x17, 0xfe, 0x0b, 0xc5, 0x7f, 0xee, 0xf8, 0x4f, 0x1d, 0xff, 0x15, 0xe2,
    0xbf, 0x2c, 0xfc, 0xb7, 0x1d, 0xff, 0xbd, 0xc5, 0x7f, 0x91, 0xf8, 0xef,
    0x36, 0xfe, 0xf3, 0xc7, 0x7f, 0xa7, 0xf1, 0x5f, 0x0a, 0xfe, 0x1b, 0x86,
    0xff, 0xae, 0xe0, 0x3f, 0x2f, 0xfc, 0x77, 0x09, 0xff, 0xe9, 0xe0, 0xbf,
    0x2b, 0xf8, 0xef, 0x17, 0xfc, 0x97, 0x88, 0xff, 0xe2, 0xf1, 0xdf, 0x6c,
    0xfc, 0x77, 0x1c, 0xff, 0xfd, 0x83, 0xff, 0x6c, 0xf0, 0x5f, 0x1a, 0xfe,
    0xf3, 0xc1, 0x7f, 0x37, 0xb9, 0xff, 0x2f, 0xe2, 0x3f, 0x1d, 0xfc, 0x17,
    0x8e, 0xff, 0xee, 0xe3, 0xbf, 0x23, 0xf8, 0x2f, 0x10, 0xff, 0x0d, 0xc3,
    0x7f, 0x59, 0xf8, 0xcf, 0x16, 0xff, 0x39, 0xe1, 0xbf, 0x4b, 0xf8, 0xcf,
    0xb9, 0x9d, 0xff, 0x34, 0xf0, 0xdf, 0x52, 0xfc, 0xf7, 0x02, 0xff, 0xed,
    0xc7, 0x7f, 0xb7, 0xf1, 0xdf, 0x35, 0xf6, 0x9f, 0x16, 0xfe, 0x0b, 0xc2,
    0x7f, 0x23, 0xf0, 0x5f, 0x05, 0xfe, 0xb3, 0xc1, 0x7f, 0xeb, 0xb9, 0xff,
    0x7d, 0xf0, 0xdf, 0x4d, 0xfc, 0xe7, 0x8f, 0xff, 0xf4, 0xf1, 0x5f, 0x4f,
    0xfc, 0xf7, 0x27, 0xfe, 0x9b, 0x86, 0xff, 0x5e, 0xb6, 0xfb, 0xfe, 0xf7,
    0x0a, 0xff, 0x65, 0xe3, 0x3f, 0x0b, 0xfc, 0x57, 0x8a, 0xff, 0xe6, 0xe1,
    0x3f, 0x73, 0xfc, 0x97, 0x8e, 0xff, 0x8c, 0xf1, 0x5f, 0x67, 0xfc, 0xf7,
    0x3d, 0xfe, 0x5b, 0x80, 0xff, 0xfc, 0xf0, 0x9f, 0x3a, 0xfe, 0xbb, 0x8b,
    0xff, 0xd8, 0xff, 0x89, 0x6a, 0xf8, 0x2f, 0x1f, 0xff, 0xf9, 0xe2, 0xbf,
    0x4f, 0xf8, 0xcf, 0x1b, 0xff, 0x55, 0xe2, 0xbf, 0x9f, 0xf1, 0xdf, 0x06,
    0xfc, 0xd7, 0x8c, 0xff, 0x22, 0xf1, 0xdf, 0x1d, 0xfc, 0xa7, 0x8a, 0xff,
    0xf4, 0xf0, 0xdf, 0x25, 0xfc, 0xd7, 0x86, 0xff, 0x4e, 0xe2, 0xbf, 0x5f,
    0xf0, 0xdf, 0x0d, 0xfc, 0x57, 0x8c, 0xff, 0xf6, 0xe0, 0xbf, 0x68, 0xfc,
    0x77, 0x18, 0xff, 0x59, 0xe2, 0xbf, 0x44, 0xde, 0xff, 0x4c, 0xfc, 0x67,
    0xd2, 0xee, 0xfb, 0xdf, 0x59, 0xfc, 0x77, 0x1e, 0xff, 0x15, 0xe0, 0x3f,
    0x7b, 0xfc, 0xa7, 0x89, 0xff, 0x3c, 0xf1, 0xdf, 0x5b, 0xfc, 0xa7, 0x8e,
    0xff, 0x4e, 0xe2, 0xbf, 0x1c, 0xfc, 0xe7, 0x8c, 0xff, 0xba, 0xe3, 0xbf,
    0xc9, 0xf8, 0xcf, 0x1f, 0xff, 0xf9, 0xe1, 0x3f, 0x5d, 0xf6, 0xff, 0x40,
    0xfc, 0x37, 0x05, 0xff, 0xc5, 0xe1, 0xbf, 0x7b, 0xf8, 0xcf, 0x1b, 0xff,
    0x1d, 0xe2, 0xfd, 0x9f, 0x8b, 0xff, 0x7c, 0xf1, 0x5f, 0x34, 0xfe, 0xeb,
    0x85, 0xff, 0xee, 0xe2, 0xbf, 0x4c, 0xfc, 0x77, 0x13, 0xff, 0x5d, 0xc4,
    0x7f, 0x27, 0xf1, 0x5f, 0x0b, 0xfe, 0xd3, 0xc4, 0x7f, 0xff, 0xe1, 0x3f,
    0x53, 0xfc, 0xe7, 0x86, 0xff, 0x36, 0xe1, 0x3f, 0x3f, 0xfc, 0xf7, 0x1b,
    0xfe, 0x8b, 0xc1, 0x7f, 0x47, 0xf0, 0x9f, 0x0b, 0xfe, 0x33, 0xc0, 0x7f,
    0x3f, 0xe2, 0xbf, 0x00, 0xfc, 0xf7, 0x37, 0xfd, 0xb3, 0xf1, 0xdf, 0x10,
    0xfc, 0xe7, 0x80, 0xff, 0xd8, 0xff, 0x5f, 0xcd, 0xf1, 0xdf, 0x45, 0xfc,
    0xf7, 0x02, 0xff, 0x4d, 0x69, 0xe7, 0x3f, 0x1d, 0xfc, 0x17, 0x8c, 0xff,
    0x5c, 0xf1, 0x5f, 0x1a, 0xfe, 0x4b, 0xc5, 0x7f, 0x3b, 0xf1, 0x5f, 0x3e,
    0xfe, 0x3b, 0x89, 0xff, 0x06, 0xe2, 0xbf, 0xa7, 0xf8, 0xef, 0x30, 0xfe,
    0x33, 0xc1, 0x7f, 0xfd, 0xf0, 0x9f, 0x39, 0xfe, 0x7b, 0xc7, 0xfe, 0x7b,
    0xdd, 0xee, 0xff, 0xcf, 0x8f, 0xf8, 0x6f, 0x1b, 0xfe, 0x1b, 0x83, 0xff,
    0xce, 0xe3, 0xbf, 0x64, 0xfc, 0x17, 0x89, 0xff, 0x0a, 0xf0, 0x9f, 0x1a,
    0xfe, 0x2b, 0xc6, 0x7f, 0xb3, 0xf1, 0xdf, 0x62, 0xfc, 0x77, 0x06, 0xff,
    0xc5, 0xe3, 0xbf, 0x49, 0xf8, 0x6f, 0x34, 0xfe, 0x5b, 0x8e, 0xff, 0x96,
    0xe0, 0xbf, 0x12, 0xfc, 0x67, 0x86, 0xff, 0x54, 0xf0, 0x5f, 0x14, 0xfe,
    0xbb, 0x8a, 0xff, 0xf6, 0xb0, 0xff, 0xba, 0xe0, 0xbf, 0x57, 0xf8, 0x2f,
    0x0b, 0xff, 0xc5, 0xe2, 0xbf, 0x59, 0xf8, 0x6f, 0x00, 0xfe, 0x3b, 0x84,
    0xff, 0x36, 0xe0, 0xbf, 0x26, 0xfc, 0x57, 0x84, 0xff, 0x1c, 0xf0, 0x9f,
    0x11, 0xfe, 0x3b, 0xd6, 0xee, 0xff, 0xcf, 0x3f, 0xf0, 0xdf, 0x6b, 0xfc,
    0xb7, 0x1f, 0xff, 0xa5, 0xe1, 0xbf, 0x14, 0xfc, 0x57, 0x84, 0xff, 0xe2,
    0xf0, 0xdf, 0x14, 0xfc, 0x37, 0x01, 0xff, 0x69, 0x70, 0xfe, 0xa3, 0xf0,
    0x9f, 0x19, 0xfe, 0xfb, 0x03, 0xff, 0x19, 0xd0, 0xff, 0x01, 0xfe, 0x0b,
    0xc3, 0x7f, 0xe6, 0xf8, 0xef, 0x1a, 0xfe, 0xd3, 0xc7, 0x7f, 0x9e, 0xf8,
    0x2f, 0x01, 0xff, 0x2d, 0xc4, 0x7f, 0x8a, 0xf8, 0xef, 0x28, 0xfe, 0x1b,
    0x84, 0xff, 0xbc, 0xf1, 0xdf, 0x39, 0xfc, 0x67, 0x8e, 0xff, 0x94, 0xf1,
    0x9f, 0x0a, 0xfe, 0x7b, 0x87, 0xff, 0x02, 0xf1, 0x5f, 0x28, 0xfe, 0x0b,
    0x64, 0xff, 0x77, 0xc2, 0x7f, 0x7d, 0xf1, 0xdf, 0x1b, 0xfc, 0xe7, 0x87,
    0xff, 0x62, 0xf0, 0xdf, 0x02, 0xfc, 0xf7, 0x16, 0xff, 0xfd, 0x84, 0xff,
    0x2c, 0xf0, 0xdf, 0x44, 0xfc, 0xf7, 0x1c, 0xff, 0x79, 0xe3, 0xbf, 0x8f,
    0xf8, 0xef, 0x33, 0xfe, 0xeb, 0x81, 0xff, 0x42, 0xf0, 0x5f, 0x57, 0xfc,
    0xb7, 0x1e, 0xff, 0xfd, 0x86, 0xff, 0x74, 0xf1, 0x9f, 0x25, 0xfe, 0x73,
    0xc5, 0x7f, 0xa6, 0xf8, 0x6f, 0x12, 0xfe, 0x1b, 0xca, 0xfe, 0x5f, 0x84,
    0xff, 0x5a, 0xf1, 0x5f, 0x1c, 0xfe, 0x8b, 0xc1, 0x7f, 0xb6, 0xf8, 0x6f,
    0x28, 0xfe, 0x2b, 0xc3, 0x7f, 0xcf, 0xf1, 0x5f, 0x67, 0xfc, 0x67, 0x85,
    0xff, 0x74, 0xf1, 0xdf, 0x5e, 0xfc, 0xe7, 0x87, 0xff, 0x86, 0xe1, 0xbf,
    0x07, 0xf8, 0xef, 0x21, 0xfe, 0xf3, 0xc1, 0x7f, 0x1f, 0xf0, 0x5f, 0x01,
    0xfe, 0xf3, 0xc4, 0x7f, 0x5b, 0xf1, 0x5f, 0x39, 0xfe, 0xb3, 0xc2, 0x7f,
    0x4a, 0xdc, 0xff, 0xfd, 0xf0, 0xdf, 0x51, 0xfc, 0xd7, 0x82, 0xff, 0x1a,
    0x38, 0xff, 0x9d, 0xf0, 0xdf, 0x49, 0xfc, 0x67, 0x8c, 0xff, 0x32, 0xf0,
    0xdf, 0x38, 0xfc, 0x67, 0x89, 0xff, 0x72, 0xf0, 0xdf, 0x11, 0xfc, 0xb7,
    0x16, 0xff, 0xa9, 0xe0, 0x3f, 0x07, 0xfc, 0x97, 0x88, 0xff, 0x4e, 0xe0,
    0xbf, 0x7f, 0xf1, 0xdf, 0x0d, 0xfc, 0xe7, 0x8d, 0xff, 0xcc, 0xf1, 0x9f,
    0x1f, 0xfe, 0xb3, 0xc2, 0x7f, 0xa5, 0xf8, 0xef, 0x3b, 0xfc, 0xd7, 0x01,
    0xff, 0x69, 0xe2, 0x3f, 0x7d, 0xfc, 0x77, 0x16, 0xff, 0xb1, 0xff, 0x3b,
    0xd8, 0xe3, 0xbf, 0x4b, 0xf8, 0xcf, 0x1b, 0xff, 0x0d, 0xc4, 0x7f, 0x61,
    0xf8, 0xaf, 0x0d, 0xff, 0xa9, 0xe2, 0x3f, 0x55, 0xfc, 0x77, 0x1e, 0xff,
    0x7d, 0xc4, 0x7f, 0x6f, 0xf1, 0xdf, 0x0f, 0xf8, 0xcf, 0x0e, 0xff, 0x55,
    0xe2, 0xbf, 0xdd, 0xf8, 0x6f, 0x30, 0xfe, 0x33, 0xc7, 0x7f, 0x0f, 0xf0,
    0xdf, 0x77, 0xf8, 0xaf, 0x1b, 0xfe, 0x53, 0xc2, 0x7f, 0x63, 0xf1, 0x9f,
    0x25, 0xfe, 0xbb, 0x88, 0xff, 0x2a, 0xf0, 0x5f, 0x12, 0xfe, 0x7b, 0x87,
    0xff, 0x2c, 0xf1, 0xdf, 0x34, 0xfc, 0x67, 0x84, 0xff, 0x86, 0xe2, 0xbf,
    0x25, 0xf8, 0xef, 0x3d, 0xfe, 0xdb, 0x82, 0xff, 0x0e, 0xe1, 0x3f, 0x13,
    0xfc, 0x97, 0x83, 0xff, 0x36, 0xe2, 0x3f, 0x43, 0xfc, 0x37, 0x15, 0xff,
    0x7d, 0xc3, 0x7f, 0x33, 0xf0, 0x5f, 0x2c, 0xef, 0xff, 0x3d, 0xfc, 0xd7,
    0x0d, 0xff, 0xad, 0xc2, 0x7f, 0xe3, 0xb9, 0xff, 0xdf, 0xe1, 0xbf, 0x2f,
    0xf8, 0xaf, 0x14, 0xff, 0x4d, 0xc0, 0x7f, 0x0d, 0xf8, 0xef, 0x15, 0xfe,
    0x2b, 0xc3, 0x7f, 0x83, 0xf0, 0xdf, 0xef, 0xf8, 0xef, 0x0b, 0xfe, 0xab,
    0xc4, 0x7f, 0xee, 0xf8, 0xaf, 0x11, 0xff, 0x0d, 0xc4, 0x7f, 0x9b, 0xf1,
    0xdf, 0x5a, 0xfc, 0xf7, 0x0b, 0xfe, 0x8b, 0xc6, 0x7f, 0xff, 0xc3, 0x7f,
    0xf1, 0xf8, 0x4f, 0x0f, 0xff, 0x05, 0xe2, 0x3f, 0x2b, 0xfc, 0xf7, 0x1a,
    0xff, 0xbd, 0xc7, 0x7f, 0x3b, 0xe8, 0x6f, 0x8c, 0xff, 0x5c, 0xf0, 0x5f,
    0x10, 0xfe, 0xab, 0xc0, 0x7f, 0xea, 0xf8, 0xaf, 0x27, 0xfe, 0x9b, 0x83,
    0xff, 0xaa, 0xf0, 0x9f, 0x06, 0xfe, 0x73, 0xc3, 0x7f, 0x59, 0xf8, 0x6f,
    0x3c, 0xfe, 0x9b, 0x83, 0xff, 0x56, 0xe0, 0xbf, 0xf4, 0x76, 0xdf, 0xff,
    0x2a, 0xf0, 0xdf, 0x26, 0xfc, 0x37, 0x0e, 0xff, 0x79, 0xe0, 0xbf, 0xa6,
    0xf8, 0xff, 0x03, 0x5b, 0x28, 0x3f, 0xff,
};

static const bench_blob_t BENCH_BLOBS[] = {
    { 1792u, 0u, bench_blob_0, 1972u, 7789u },  // ratio 7.79
    { 1536u, 61u, bench_blob_1, 2965u, 5180u },  // ratio 5.18
    { 512u, 13u, bench_blob_2, 4723u, 3252u },  // ratio 3.25
    { 512u, 7u, bench_blob_3, 6811u, 2255u },  // ratio 2.25
};
#define BENCH_BLOB_COUNT (sizeof(BENCH_BLOBS) / sizeof(BENCH_BLOBS[0]))
